Timestamp_sec,Robot_X,Robot_Y,Target_X,Target_Y,Robot_Speed_X,Robot_Speed_Y
6.0,-1.0462322591829393e-13,3.4960852094119995e-27,2.4008312168120276,0.07323563683037353,3.88774887899923e-20,0.0
6.1,-1.0462322591829393e-13,3.4960852094119995e-27,2.4008312168120276,0.07323563683037353,-5.295610281564483e-19,0.0
6.15,0.0007785310009198672,-1.5356594232290507e-06,2.4008312168120276,0.07323563683037353,0.034499999853748645,0.0
6.2,0.004948461636948442,-2.497634565908574e-05,2.4008312168120276,0.07323563683037353,0.09449999985374864,0.0
6.25,0.009728256538110528,-6.905342193518227e-05,2.4008312168120276,0.07323563683037353,0.13449999985374866,0.0
6.3,0.019897372604464062,-0.00020245718939151497,2.4008312168120276,0.07323563683037353,0.1944999998537486,0.0
6.352,0.02867611912624369,-0.0003506083030688914,2.4008312168120276,0.07323563683037353,0.23449999985374886,0.0
6.4,0.03899269598094646,-0.0005563173274310499,2.4008312168120276,0.07323563683037353,0.2684210526315366,0.0
6.452,0.0542410167408328,-0.0009183498219161143,2.4008312168120276,0.07323563683037353,0.2526315789473345,0.0
6.5,0.06434242808983594,-0.0011971897103239244,2.4008312168120276,0.07323563683037353,0.2527315789327252,0.0
6.55,0.07864086138372879,-0.0016366300996574533,2.4008312168120276,0.07323563683037353,0.11776089363693401,0.0
6.6,0.07877679221107291,-0.001640967086426963,2.4008312168120276,0.07323563683037353,0.011499999876020406,0.0
6.65,0.08156363223542243,-0.0017377429646549195,2.4008312168120276,0.07323563683037353,0.07150000014044047,0.0
6.7,0.08542049841954269,-0.0018931489278174352,2.4008312168120276,0.07323563683037353,0.11149999987598376,0.0
6.75,0.09420086618818053,-0.0023040820501581006,2.4008312168120276,0.07323563683037353,0.17149999987598336,0.0
6.801,0.10645350414451224,-0.002970720244150541,2.4008312168120276,0.07323563683037353,0.2210526315793028,0.0
6.85,0.10980572890774493,-0.0031687947560398227,2.4008312168120276,0.07323563683037353,0.0014999999359215088,0.0
6.9,0.11082381372941794,-0.0032312681499447405,2.4008312168120276,0.07323563683037353,0.04049999987600847,0.0
6.951,0.11534388071572073,-0.003530937994981596,2.4008312168120276,0.07323563683037353,0.1004999998759845,0.0
7.0,0.12345182393354445,-0.004129131975158589,2.397492951676089,0.08820050237536656,0.1604999998759828,0.0
7.051,0.12810265000720297,-0.004496956455257979,2.397492951676089,0.08820050237536656,1.0470790900996008e-12,0.0
7.1,0.12913428072298658,-0.004580401401362789,2.397492951676089,0.08820050237536656,0.04049999987602304,0.0
7.15,0.13174575171687053,-0.004791634018813674,2.397492951676089,0.08820050237536656,0.08049999987602348,0.0
7.2,0.13865319217571384,-0.005350352354715035,2.397492951676089,0.08820050237536656,0.14049999985378397,0.0
7.254,0.13946852932117335,-0.005416302081798054,2.397492951676089,0.08820050237536656,0.007499999876021957,0.0
7.3,0.142010228189817,-0.0056218910797458605,2.397492951676089,0.08820050237536656,0.0674999999128914,0.0
7.35,0.14569818341118593,-0.005920196684619106,2.397492951676089,0.08820050237536656,0.10749999985378152,0.0
7.4,0.15422035021373007,-0.006609524501842773,2.397492951676089,0.08820050237536656,0.1674999998537846,0.0
7.45,0.15791276682897307,-0.006908164400175594,2.397492951676089,0.08820050237536656,0.005447380154048609,0.0
7.5,0.1603355494631366,-0.007095289271922342,2.397492951676089,0.08820050237536656,0.06549999987600641,0.0
7.551,0.16053298885066017,-0.007110178569157182,2.397492951676089,0.08820050237536656,0.00549999987603661,0.0
7.6,0.16174953705817371,-0.007201887064241578,2.397492951676089,0.08820050237536656,0.0454999998760211,0.0
7.654,0.16656398761272,-0.0075704756773783055,2.397492951676089,0.08820050237536656,0.10549999970842357,0.0
7.7,0.1749665480841091,-0.00824999987411691,2.397492951676089,0.08820050237536656,0.16549999985374933,0.0
7.751,0.18255940113491212,-0.008892601475186588,2.397492951676089,0.08820050237536656,0.20549999985375184,0.0
7.8,0.19174412567044286,-0.009698311223732364,2.397492951676089,0.08820050237536656,0.24549999985375162,0.0
7.853,0.20816136031032792,-0.01118561627555022,2.397492951676089,0.08820050237536656,0.284210526315748,0.0
7.9,0.21057688428251808,-0.011409793302659827,2.397492951676089,0.08820050237536656,0.010499999876006916,0.0
7.953,0.2119903647185802,-0.011545703649874528,2.397492951676089,0.08820050237536656,0.050499999962051734,0.0
8.0,0.2170948925369975,-0.012056243469442998,2.4000700175824434,0.07095731907599474,0.11049999987600978,0.0
8.051,0.22248654935219023,-0.012609808435691768,2.4000700175824434,0.07095731907599474,0.15049999998663216,0.0
8.1,0.22946910390264214,-0.01333391308686299,2.4000700175824434,0.07095731907599474,0.19049999987602176,0.0
8.151,0.24292511169984657,-0.01474696581828389,2.4000700175824434,0.07095731907599474,0.25049999987601795,0.0
8.2,0.2594719791044172,-0.016509986281531844,2.4000700175824434,0.07095731907599474,0.2842105263157923,0.0
8.25,0.2707748775182408,-0.01772878624349098,2.4000700175824434,0.07095731907599474,0.2842105263157923,0.0
8.3,0.2883484220838251,-0.01964671024389656,2.4000700175824434,0.07095731907599474,0.29999999999999194,0.0
8.351,0.2902732602810071,-0.019858445822885307,2.4000700175824434,0.07095731907599474,0.008499999876018793,0.0
8.4,0.2916050732302397,-0.020006344829769984,2.4000700175824434,0.07095731907599474,0.048499999876017164,0.0
8.452,0.2965837556840106,-0.020565644617539694,2.4000700175824434,0.07095731907599474,0.10849999987601888,0.0
8.5,0.3051384831171524,-0.021539669251515625,2.4000700175824434,0.07095731907599474,0.1684999997100145,0.0
8.55,0.3128277187644254,-0.022424683851168872,2.4000700175824434,0.07095731907599474,0.20849999987864742,0.0
8.6,0.3221060899528832,-0.02349586430182058,2.4000700175824434,0.07095731907599474,0.24849999987339721,0.0
8.65,0.330200610542256,-0.023699489548254928,2.4000700175824434,0.07095731907599474,0.2842105263157618,0.0
8.7,0.3345838539885975,-0.022929030304983628,2.4000700175824434,0.07095731907599474,0.2842105263157923,0.0
8.75,0.3452769187951895,-0.024059269606645298,2.4000700175824434,0.07095731907599474,0.26842105263155946,0.0
8.8,0.362101896435357,-0.02582187895297891,2.4000700175824434,0.07095731907599474,0.29999999999153204,0.0
8.852,0.3658051112070299,-0.026209558552706458,2.4000700175824434,0.07095731907599474,0.007499999876020569,0.0
8.9,0.3670980451840916,-0.026344916293769734,2.4000700175824434,0.07095731907599474,0.047499999876021715,0.0
8.95,0.3720211399582455,-0.026860316924803618,2.4000700175824434,0.07095731907599474,0.10749999987602343,0.0
9.0,0.38052466729469697,-0.027750554378313988,2.4039200871652704,0.06613034531489378,0.1674999999497634,0.0
9.052,0.3820811609134269,-0.02791350427671611,2.4039200871652704,0.06613034531489378,0.012499999876022794,0.0
9.1,0.38491575595037575,-0.028209427106602156,2.4039200871652704,0.06613034531489378,0.07249999987601896,0.0
9.152,0.38879488967260467,-0.028612318582624825,2.4039200871652704,0.06613034531489378,0.11249999999892457,0.0
9.2,0.3942654630145175,-0.02918049746639999,2.4039200871652704,0.06613034531489378,0.15249999987602125,0.0
9.251,0.4054552721279319,-0.03034268154733561,2.4039200871652704,0.06613034531489378,0.212499999876023,0.0
9.3,0.4149044442673207,-0.03132408143779057,2.4039200871652704,0.06613034531489378,0.25249999987602134,0.0
9.35,0.4229119384661536,-0.03215438773922095,2.4039200871652704,0.06613034531489378,0.01149999987602457,0.0
9.4,0.4243641921452827,-0.03230458506601183,2.4039200871652704,0.06613034531489378,0.05149999987602294,0.0
9.45,0.4295266555789579,-0.03283850570159075,2.4039200871652704,0.06613034531489378,0.11149999987602466,0.0
9.5,0.43495768647567523,-0.03340020255531517,2.4039200871652704,0.06613034531489378,0.1514999999743416,0.0
9.553,0.44608872261732707,-0.03454742523067836,2.4039200871652704,0.06613034531489378,0.2114999998760192,0.0
9.6,0.46080296546240307,-0.03604245508154355,2.4039200871652704,0.06613034531489378,0.2714999996879769,0.0
9.652,0.47208504996838313,-0.037174493559418195,2.4039200871652704,0.06613034531489378,0.2842105263157896,0.0
9.7,0.483397827213256,-0.03829790662164015,2.4039200871652704,0.06613034531489378,0.2842105263157923,0.0
9.752,0.49981993856442103,-0.039899148569851724,2.4039200871652704,0.06613034531489378,0.2684210526315345,0.0
9.8,0.5160856004871733,-0.041416189271567,2.4039200871652704,0.06613034531489378,0.2849210524853596,0.0
9.85,0.5192621080595099,-0.04170750582086356,2.4039200871652704,0.06613034531489378,0.00029999997866458905,0.0
9.9,0.5212041746891212,-0.04188322332970389,2.4039200871652704,0.06613034531489378,0.05749999994976718,0.0
9.951,0.5224063464572434,-0.041991075281120685,2.4039200871652704,0.06613034531489378,1.0547118733938987e-12,0.0
10.0,0.5229003947871688,-0.04203503247633533,2.4135194096933628,0.14239478415274953,0.026499999876022917,0.0
10.057,0.5257962175680145,-0.04228970544645369,2.4135194096933628,0.14239478415274953,0.008200000905678184,0.0
10.1,0.5260950786812877,-0.04231582121176219,2.4135194096933628,0.14239478415274953,0.019499999876021468,0.0
10.153,0.5232571914193932,-0.040670026828660166,2.4135194096933628,0.14239478415274953,0.034499999876014265,0.0
10.2,0.5218474968764525,-0.03915245852437913,2.4135194096933628,0.14239478415274953,0.0744999999989282,0.0
10.253,0.5264993133342372,-0.03886788495513348,2.4135194096933628,0.14239478415274953,0.13449999985837846,0.0
10.3,0.5366314515192897,-0.039744614943729994,2.4135194096933628,0.14239478415274953,0.1944999999374697,0.0
10.351,0.5453797059632199,-0.040490562197470346,2.4135194096933628,0.14239478415274953,0.23449999987602554,0.0
10.4,0.5557230723089343,-0.04136186186406368,2.4135194096933628,0.14239478415274953,0.2744999998760267,0.0
10.45,0.563288649982433,-0.04199284932644787,2.4135194096933628,0.14239478415274953,0.003599999901049422,0.0
10.5,0.5644247275229605,-0.04208733641870353,2.4135194096933628,0.14239478415274953,0.043499999876023265,0.0
10.551,0.5691187300290694,-0.04247519856570912,2.4135194096933628,0.14239478415274953,0.10349999987601666,0.0
10.6,0.5742417690692004,-0.042892413945258084,2.4135194096933628,0.14239478415274953,0.1434999998760178,0.0
10.651,0.5849175475237107,-0.04374788563951225,2.4135194096933628,0.14239478415274953,0.20349999987602785,0.0
10.7,0.5991835524018068,-0.04486911908012681,2.4135194096933628,0.14239478415274953,0.2634999998760157,0.0
10.753,0.6056399101581935,-0.04536981540420153,2.4135194096933628,0.14239478415274953,1.0547118733938987e-12,0.0
10.8,0.6061992683336905,-0.045412703794933194,2.4135194096933628,0.14239478415274953,0.02849999987603047,0.0
10.85,0.6099984578266991,-0.04569950771626238,2.4135194096933628,0.14239478415274953,0.08849999987602386,0.0
10.9,0.6145259800728167,-0.046035871325630875,2.4135194096933628,0.14239478415274953,0.128499999876025,0.0
10.95,0.6243096975763548,-0.04675348513614094,2.4135194096933628,0.14239478415274953,0.18849999999891454,0.0
11.0,0.6328268682583946,-0.047377507144072316,2.366311978505792,0.09709139360439249,0.22849999987601954,0.0
11.051,0.6426842364363785,-0.04809972055797082,2.366311978505792,0.09709139360439249,1.0547118733938987e-12,0.0
11.1,0.6426872284160652,-0.04809993977913085,2.366311978505792,0.09709139360439249,1.0547118733938987e-12,0.0
11.151,0.6434651431141182,-0.04815693727918732,2.366311978505792,0.09709139360439249,0.03449999987602537,0.0
11.2,0.6458387802794795,-0.0483308527287888,2.366311978505792,0.09709139360439249,0.07449999987601541,0.0
11.252,0.6523913950628347,-0.04880848692543437,2.366311978505792,0.09709139360439249,0.1344999998760199,0.0
11.3,0.6625355368372693,-0.049533240208675645,2.366311978505792,0.09709139360439249,0.19449999987601885,0.0
11.353,0.6712939899568221,-0.05014796952023225,2.366311978505792,0.09709139360439249,0.23449999987602554,0.0
11.4,0.68164925476134,-0.05086412683464556,2.366311978505792,0.09709139360439249,0.27449999987603224,0.0
11.451,0.6991495157002636,-0.05205192722984078,2.366311978505792,0.09709139360439249,0.299999999593209,0.0
11.5,0.7111229931407121,-0.05284931381151509,2.366311978505792,0.09709139360439249,0.3000000000010161,0.0
11.55,0.7284702358086069,-0.05398240140371106,2.366311978505792,0.09709139360439249,0.28421052631683597,0.0
11.6,0.7398154299062957,-0.054708732448844756,2.366311978505792,0.09709139360439249,0.2842105263168193,0.0
11.65,0.7568355566104868,-0.05577718603361899,2.366311978505792,0.09709139360439249,0.2842105263157091,0.0
11.7,0.7681819641343415,-0.05648431651842564,2.366311978505792,0.09709139360439249,0.2842105263168193,0.0
11.75,0.7846010170690001,-0.057482261817030395,2.366311978505792,0.09709139360439249,0.2684210526326114,0.0
11.8,0.7954399660402451,-0.05807926694535247,2.366311978505792,0.09709139360439249,0.2789210525075969,0.0
11.85,0.8132853730573166,-0.05903041142290798,2.366311978505792,0.09709139360439249,0.29999999999996696,0.0
11.9,0.8304242882359056,-0.05994231902412939,2.366311978505792,0.09709139360439249,0.28421052631682486,0.0
11.953,0.8422742060320161,-0.06053409733001909,2.366311978505792,0.09709139360439249,0.30000000000095506,0.0
12.0,0.854262754835531,-0.06104704338352575,2.3833058187483793,0.08566856867952799,0.2999543065245025,0.0
12.051,0.866046530438675,-0.059859378388908244,2.3833058187483793,0.08566856867952799,0.2842105263237582,0.0
12.1,0.8747582150734183,-0.057436302224191486,2.3833058187483793,0.08566856867952799,0.2947105261918159,0.0
12.15,0.8867554969141727,-0.05769167617591944,2.3833058187483793,0.08566856867952799,0.3000000000010161,0.0
12.2,0.8987530342869292,-0.05793474893640715,2.3833058187483793,0.08566856867952799,0.3000000000005887,0.0
12.25,0.9090108887184353,-0.05813395155531585,2.3833058187483793,0.08566856867952799,0.0014999999385534313,0.0
12.3,0.9100306991897784,-0.05815361341521334,2.3833058187483793,0.08566856867952799,0.04049999987864594,0.0
12.351,0.9145599455709931,-0.05823621678224986,2.3833058187483793,0.08566856867952799,0.10049999987601921,0.0
12.4,0.919579217555604,-0.058321694874639625,2.3833058187483793,0.08566856867952799,0.1404999998760148,0.0
12.45,0.9301078741017553,-0.05848987906245405,2.3833058187483793,0.08566856867952799,0.20049999987601375,0.0
12.5,0.9391267447086188,-0.05863261268564507,2.3833058187483793,0.08566856867952799,0.26049999987602934,0.0
12.552,0.9554281244159468,-0.05889060008669847,2.3833058187483793,0.08566856867952799,0.28421052631682486,0.0
12.6,0.971957633457385,-0.05915219788730211,2.3833058187483793,0.08566856867952799,0.2684210526322728,0.0
12.651,0.9834417576632719,-0.05932822451646402,2.3833058187483793,0.08566856867952799,0.29978421049507986,0.0
12.7,1.0014399778896037,-0.05958121617910667,2.3833058187483793,0.08566856867952799,0.30000000000101057,0.0
12.754,1.0128548352733535,-0.059727054322142016,2.3833058187483793,0.08566856867952799,0.2842105263167527,0.0
12.8,1.024222471345732,-0.05986060591146297,2.3833058187483793,0.08566856867952799,0.284210526315698,0.0
12.852,1.041599413383773,-0.06004240801968171,2.3833058187483793,0.08566856867952799,0.28421052631703025,0.0
12.9,1.0529673223093732,-0.06015031288740552,2.3833058187483793,0.08566856867952799,0.2842105263168637,0.0
12.95,1.0698297695951415,-0.06030504797266759,2.3833058187483793,0.08566856867952799,0.26842105280525663,0.0
13.0,1.08593441291065,-0.06044634576949981,2.3884155700021426,0.11802429224078334,0.26842105263261695,0.0
13.05,1.0949301193292469,-0.06052527167137878,2.3884155700021426,0.11802429224078334,0.14013158051118246,0.0
13.1,1.0959511326796187,-0.0605342297671424,2.3884155700021426,0.11802429224078334,7.327471962526033e-13,0.0
13.15,1.0938709302332916,-0.062056110847536025,2.3884155700021426,0.11802429224078334,0.051499999876025715,0.0
13.2,1.093249625971004,-0.06357762534516585,2.3884155700021426,0.11802429224078334,0.09149999987603241,0.0
13.25,1.0989970321201887,-0.0643545012269788,2.3884155700021426,0.11802429224078334,0.1514999998760258,0.0
13.3,1.1060569894426289,-0.06437904738874053,2.3884155700021426,0.11802429224078334,0.19149999985379473,0.0
13.35,1.1196469153322515,-0.06442381274336897,2.3884155700021426,0.11802429224078334,0.2514999998537881,0.0
13.4,1.1367008806512087,-0.06445736774171715,2.3884155700021426,0.11802429224078334,0.300000000000078,0.0
13.45,1.1421462765260453,-0.06446274563361265,2.3884155700021426,0.11802429224078334,1.0547118733938987e-12,0.0
13.5,1.143742276388641,-0.06446239980689032,2.3884155700021426,0.11802429224078334,0.05149999987601461,0.0
13.55,1.1468022738389716,-0.06445855316705532,2.3884155700021426,0.11802429224078334,0.09149999987603241,0.0
13.6,1.1514622622760509,-0.06444823178131176,2.3884155700021426,0.11802429224078334,0.1314999998760058,0.0
13.65,1.161452222495791,-0.06442024629272664,2.3884155700021426,0.11802429224078334,0.1914999998759992,0.0
13.7,1.1701121538050592,-0.06438585076089684,2.3884155700021426,0.11802429224078334,0.2314999996843814,0.0
13.752,1.1861019304422538,-0.06430163331358257,2.3884155700021426,0.11802429224078334,0.2914999998537948,0.0
13.8,1.1980009413168566,-0.06422421902238701,2.3884155700021426,0.11802429224078334,0.29052631601728107,0.0
13.85,1.2150531694176656,-0.06410691358707038,2.3884155700021426,0.11802429224078334,0.2842105263157091,0.0
13.9,1.2269202570455147,-0.06402527769338892,2.3884155700021426,0.11802429224078334,0.29999999999996696,0.0
13.951,1.242865273833506,-0.06391558904001743,2.3884155700021426,0.11802429224078334,0.09453940675682171,0.0
14.001,1.2433612621044985,-0.06391217858054166,2.3792524619875444,0.12090801515047772,0.046499999876026266,0.0
14.05,1.2470511748714348,-0.06388680641208505,2.3792524619875444,0.12090801515047772,0.08650000012720982,0.0
14.1,1.2497291115748943,-0.0638683926810707,2.3792524619875444,0.12090801515047772,0.007499999876037222,0.0
14.153,1.2510290752652267,-0.06385868383041968,2.3792524619875444,0.12090801515047772,0.04749999987601061,0.0
14.2,1.2559788858019323,-0.06381542917900837,2.3792524619875444,0.12090801515047772,0.10749999987602621,0.0
14.25,1.261278649657532,-0.06376539893006114,2.3792524619875444,0.12090801515047772,0.1474999999129034,0.0
14.3,1.2681783422054327,-0.0637002633237164,2.3792524619875444,0.12090801515047772,0.1874999998760063,0.0
14.351,1.274941040885713,-0.06363642098927863,2.3792524619875444,0.12090801515047772,0.008499999876021569,0.0
14.4,1.2762809811740343,-0.06362377146576931,2.3792524619875444,0.12090801515047772,0.048499999876028266,0.0
14.451,1.2758747372194341,-0.06647917676806102,2.3792524619875444,0.12090801515047772,0.10849999987603276,0.0
14.5,1.2762669178676656,-0.07087937036821369,2.3792524619875444,0.12090801515047772,0.16849999998660437,0.0
14.55,1.2795518617653596,-0.07089857231377218,2.3792524619875444,0.12090801515047772,1.0547118733938987e-12,0.0
14.6,1.2812048335181918,-0.07090823466254732,2.3792524619875444,0.12090801515047772,0.052499999876032266,0.0
14.65,1.2843047805538277,-0.07092635521989094,2.3792524619875444,0.12090801515047772,0.09249999987602786,0.0
14.7,1.2890047002533531,-0.07095382832295412,2.3792524619875444,0.12090801515047772,0.13249999987601235,0.0
14.75,1.2990545483578737,-0.07100897638942898,2.3792524619875444,0.12090801515047772,0.19249999987601685,0.0
14.8,1.307754466908447,-0.07104653282384618,2.3792524619875444,0.12090801515047772,0.23249999972058122,0.0
14.85,1.3237161130328532,-0.07110028992930204,2.3792524619875444,0.12090801515047772,0.284210526315698,0.0
14.901,1.3407686528112157,-0.07115624414795656,2.3792524619875444,0.12090801515047772,0.2842105263157091,0.0
14.95,1.342355322545179,-0.07116145092713397,2.3792524619875444,0.12090801515047772,0.011499999876019018,0.0
15.0,1.3438153146656984,-0.07116624608507355,2.371048228758152,0.09509463894245924,0.05149999987603682,0.0
15.05,1.3490052866697642,-0.07118329188628432,2.371048228758152,0.09509463894245924,0.1114999998760191,0.0
15.1,1.3544636751283676,-0.0712003540014462,2.371048228758152,0.09509463894245924,0.15134154069413874,0.0
15.15,1.3656536260987666,-0.07117833192634679,2.371048228758152,0.09509463894245924,0.2114999998759859,0.0
15.2,1.3751132942590694,-0.07110034144490215,2.371048228758152,0.09509463894245924,0.2514999998756928,0.0
15.25,1.391780203421019,-0.07085625950297406,2.371048228758152,0.09509463894245924,0.284210526315698,0.0
15.3,1.4032240864585492,-0.07061582877156204,2.371048228758152,0.09509463894245924,0.29171052616946413,0.0
15.35,1.4149976931351704,-0.07030600905170306,2.371048228758152,0.09509463894245924,0.0024519455350202612,0.0
15.4,1.4160969555054477,-0.07026582010328086,2.371048228758152,0.09509463894245924,0.04249999987590014,0.0
15.45,1.4207417044275272,-0.0700454785556422,2.371048228758152,0.09509463894245924,0.10249999987593794,0.0
15.5,1.4258336482183918,-0.06975912637458491,2.371048228758152,0.09509463894245924,0.14249999987594464,0.0
15.553,1.4364609219192817,-0.06906452739432194,2.371048228758152,0.09509463894245924,0.20249999987596023,0.0
15.6,1.450669762884372,-0.06798314583748463,2.371048228758152,0.09509463894245924,0.2624999998759425,0.0
15.65,1.4621015060628866,-0.06702307070414698,2.371048228758152,0.09509463894245924,0.29969999984114093,0.0
15.701,1.4800283788569046,-0.06540268982663323,2.371048228758152,0.09509463894245924,0.29999999999996696,0.0
15.75,1.4857136555038692,-0.06485974530684056,2.371048228758152,0.09509463894245924,0.00014206397931371129,0.0
15.8,1.48765354884441,-0.06466150209671369,2.371048228758152,0.09509463894245924,0.057499999875976204,0.0
15.85,1.488590360973731,-0.06456337420942092,2.371048228758152,0.09509463894245924,0.01049999987597916,0.0
15.9,1.4900033455994426,-0.06442241151456306,2.371048228758152,0.09509463894245924,0.05049999987599696,0.0
15.95,1.4951111387883285,-0.0639457311014958,2.371048228758152,0.09509463894245924,0.11049999977043035,0.0
16.0,1.5005106369099679,-0.06347481785744816,2.374544927471328,0.0913810233496569,0.1504999998812484,0.0
16.053,1.5085023339315504,-0.06280972177144076,2.374544927471328,0.0913810233496569,0.0009329035697058785,0.0
16.1,1.509024893368649,-0.06276473518453521,2.374544927471328,0.0913810233496569,0.027499999875901793,0.0
16.155,1.5127574631276994,-0.062403881312521385,2.374544927471328,0.0913810233496569,0.08749999987590629,0.0
16.205,1.5200632400240963,-0.06159934541131646,2.374544927471328,0.0913810233496569,0.14749999987589968,0.0
16.252,1.5272848732967705,-0.06336591130288542,2.374544927471328,0.0913810233496569,0.18749999987589527,0.0
16.3,1.5292298344840074,-0.06577461163383283,2.374544927471328,0.0913810233496569,0.010499999875945853,0.0
16.35,1.5308900046670177,-0.06689444630747822,2.374544927471328,0.0913810233496569,0.050499999887432256,0.0
16.4,1.53597806794904,-0.06624002438703243,2.374544927471328,0.0913810233496569,0.11049999987595704,0.0
16.45,1.5413476871382221,-0.06550282399231604,2.374544927471328,0.0913810233496569,0.1504999996035261,0.0
16.5,1.54829543980822,-0.06449837289721479,2.374544927471328,0.0913810233496569,0.19049999987592603,0.0
16.551,1.5616694934758883,-0.06245032949348063,2.374544927471328,0.0913810233496569,0.25049999991286764,0.0
16.6,1.5723171501573014,-0.060749653050787084,2.374544927471328,0.0913810233496569,0.2684210526513464,0.0
16.65,1.5889381080209894,-0.05796159209701578,2.374544927471328,0.0913810233496569,0.2997842104882853,0.0
16.7,1.6007501778998703,-0.055846412980751756,2.374544927471328,0.0913810233496569,0.2999999999997227,0.0
16.75,1.6161716375995998,-0.05291499708708898,2.374544927471328,0.0913810233496569,0.06976946395390593,0.0
16.8,1.6166552800853795,-0.05281801378166312,2.374544927471328,0.0913810233496569,0.026499999875950753,0.0
16.85,1.6192220767932468,-0.052285291476203935,2.374544927471328,0.0913810233496569,0.001653553234137739,0.0
16.9,1.6200604494531854,-0.05210383248859757,2.374544927471328,0.0913810233496569,0.03649999987594965,0.0
16.951,1.6242453790060465,-0.05116027690542488,2.374544927471328,0.0913810233496569,0.09649999990053448,0.0
17.0,1.6289771931863006,-0.05005147846966436,2.378462973124056,0.07099576093904232,0.13649999987594974,0.0
17.05,1.6389746900675866,-0.04761563316216348,2.378462973124056,0.07099576093904232,0.19649999990056788,0.0
17.1,1.6524426950290882,-0.04421798749601733,2.378462973124056,0.07099576093904232,0.25649999987598093,0.0
17.151,1.6633392301964145,-0.04138425158130679,2.378462973124056,0.07099576093904232,0.29639999988843035,0.0
17.2,1.6805055505247126,-0.03675765532130852,2.378462973124056,0.07099576093904232,0.28421052633403887,0.0
17.25,1.6823038567577107,-0.03626114254912084,2.378462973124056,0.07099576093904232,0.009499999875939302,0.0
17.3,1.684870557411834,-0.03552569081454319,2.378462973124056,0.07099576093904232,0.0694999999989232,0.0
17.351,1.6884958557928327,-0.03445538657300511,2.378462973124056,0.07099576093904232,0.1094999998759616,0.0
17.4,1.693644719642169,-0.03289542580597423,2.378462973124056,0.07099576093904232,0.14949999987593499,0.0
17.452,1.69959885275983,-0.03104749325449349,2.378462973124056,0.07099576093904232,0.0001418411803455477,0.0
17.5,1.7004566347124497,-0.030775080324515168,2.378462973124056,0.07099576093904232,0.057499999875976204,0.0
17.55,1.7045943566445176,-0.029432817617229247,2.378462973124056,0.07099576093904232,0.0974999998759829,0.0
17.6,1.7121365261594672,-0.026920979825807947,2.378462973124056,0.07099576093904232,0.15749999987589858,0.0
17.65,1.7190393351915056,-0.02454593235427599,2.378462973124056,0.07099576093904232,0.19749999987588307,0.0
17.7,1.7274280918611984,-0.021573021234691195,2.378462973124056,0.07099576093904232,0.23749999987590087,0.0
17.751,1.7426174968144414,-0.015990860331333907,2.378462973124056,0.07099576093904232,0.28421052623045506,0.0
17.8,1.7537195246506874,-0.011753770166188643,2.378462973124056,0.07099576093904232,0.29999999999950067,0.0
17.852,1.7662809076676333,-0.007339217905856586,2.378462973124056,0.07099576093904232,0.2999999999997338,0.0
17.9,1.7732228230284894,-0.005082739252283891,2.378462973124056,0.07099576093904232,0.2999999999997338,0.0
17.95,1.7877630562640012,0.000660727118179192,2.378462973124056,0.07099576093904232,0.2999999999997227,0.0
18.0,1.8041628970361705,0.007647837943234474,2.3809427410937722,0.0741537349409561,0.2842105263326955,0.0
18.05,1.814581691487298,0.012196382520476957,2.3809427410937722,0.0741537349409561,0.2842105263157091,0.0
18.1,1.817428100295177,0.013451480724391429,2.3809427410937722,0.0741537349409561,0.005675663254667285,0.0
18.15,1.8174281002952113,0.013451480724405619,2.3809427410937722,0.0741537349409561,3.4416913763379853e-13,0.0
18.2,1.8174281002997714,0.013451480726349718,2.3809427410937722,0.0741537349409561,1.0658141036401503e-12,0.0
18.254,1.8174281003003838,0.013451480726598432,2.3809427410937722,0.0741537349409561,6.306066779870889e-11,0.0
18.3,1.817428100300424,0.013451480726614121,2.3809427410937722,0.0741537349409561,1.0658141036401503e-12,0.0
18.35,1.817428100300489,0.01345148072663932,2.3809427410937722,0.0741537349409561,1.0547118733938987e-12,0.0
18.4,1.8174281003005428,0.013451480726659318,2.3809427410937722,0.0741537349409561,3.552713678800501e-13,0.0
18.45,1.8174305469808674,0.013452390836221514,2.3809427410937722,0.0741537349409561,1.0658141036401503e-12,0.0
18.5,1.8174305469808865,0.013452390836228668,2.3809427410937722,0.0741537349409561,1.0547118733938987e-12,0.0
18.55,1.8174305469808771,0.01345239083622526,2.3809427410937722,0.0741537349409561,0.0,0.0
18.6,1.8174305469808771,0.01345239083622526,2.3809427410937722,0.0741537349409561,0.0,0.0
18.652,1.8174305469808771,0.01345239083622526,2.3809427410937722,0.0741537349409561,0.0,0.0
18.7,1.8174305469808771,0.01345239083622526,2.3809427410937722,0.0741537349409561,0.0,0.0
18.75,1.8174305469808771,0.01345239083622526,2.3809427410937722,0.0741537349409561,0.0,0.0
18.8,1.8174305469808771,0.01345239083622526,2.3809427410937722,0.0741537349409561,0.0,0.0
18.85,1.8174305469808771,0.01345239083622526,2.3809427410937722,0.0741537349409561,0.0,0.0
18.9,1.8174305469808771,0.01345239083622526,2.3809427410937722,0.0741537349409561,0.0,0.0
18.951,1.8174305469808771,0.01345239083622526,2.3809427410937722,0.0741537349409561,0.0,0.0
19.0,1.8174305469808771,0.01345239083622526,2.3736552704041056,0.06730057920413093,0.0,0.0
19.05,1.8174293706005702,0.01345195341917514,2.3736552704041056,0.06730057920413093,-3.774758283725532e-12,0.0
19.1,1.8174293706005462,0.013451953419165247,2.3736552704041056,0.06730057920413093,-1.1102230246251565e-13,0.0
19.151,1.8174317102577218,0.013452789256682862,2.3736552704041056,0.06730057920413093,0.0,0.0
19.2,1.8174317102577218,0.013452789256682862,2.3736552704041056,0.06730057920413093,0.0,0.0
19.252,1.8174317102577218,0.013452789256682862,2.3736552704041056,0.06730057920413093,0.0,0.0
19.3,1.8174317102577218,0.013452789256682862,2.3736552704041056,0.06730057920413093,0.0,0.0
19.35,1.8174317102577218,0.013452789256682862,2.3736552704041056,0.06730057920413093,0.0,0.0
19.4,1.8174317102577218,0.013452789256682862,2.3736552704041056,0.06730057920413093,0.0,0.0
19.45,1.8174317102577218,0.013452789256682862,2.3736552704041056,0.06730057920413093,0.0,0.0
19.5,1.8174317102577218,0.013452789256682862,2.3736552704041056,0.06730057920413093,0.0,0.0
19.55,1.8174317102577218,0.013452789256682862,2.3736552704041056,0.06730057920413093,0.0,0.0
19.6,1.8174317102577218,0.013452789256682862,2.3736552704041056,0.06730057920413093,0.0,0.0
19.651,1.8174317102577218,0.013452789256682862,2.3736552704041056,0.06730057920413093,0.0,0.0
19.7,1.8174317102577218,0.013452789256682862,2.3736552704041056,0.06730057920413093,0.0,0.0
19.752,1.8174317102577218,0.013452789256682862,2.3736552704041056,0.06730057920413093,0.0,0.0
19.8,1.8174317102577218,0.013452789256682862,2.3736552704041056,0.06730057920413093,0.0,0.0
19.851,1.8174317102577218,0.013452789256682862,2.3736552704041056,0.06730057920413093,0.0,0.0
19.902,1.8174317102577218,0.013452789256682862,2.3736552704041056,0.06730057920413093,0.0,0.0
19.951,1.8174317102577218,0.013452789256682862,2.3736552704041056,0.06730057920413093,0.0,0.0
20.0,1.8174317102577218,0.013452789256682862,2.3729236805206706,0.06863935068894692,0.0,0.0
20.05,1.8174317102577218,0.013452789256682862,2.3729236805206706,0.06863935068894692,0.0,0.0
20.1,1.8174317102577218,0.013452789256682862,2.3729236805206706,0.06863935068894692,0.0,0.0
20.15,1.8174317102577218,0.013452789256682862,2.3729236805206706,0.06863935068894692,0.0,0.0
20.2,1.8174317102577218,0.013452789256682862,2.3729236805206706,0.06863935068894692,0.0,0.0
20.251,1.8174317102577218,0.013452789256682862,2.3729236805206706,0.06863935068894692,0.0,0.0
20.3,1.8174317102577218,0.013452789256682862,2.3729236805206706,0.06863935068894692,0.0,0.0
20.356,1.8174317102577218,0.013452789256682862,2.3729236805206706,0.06863935068894692,0.0,0.0
20.4,1.8174317102577218,0.013452789256682862,2.3729236805206706,0.06863935068894692,0.0,0.0
20.452,1.8174317102577218,0.013452789256682862,2.3729236805206706,0.06863935068894692,0.0,0.0
20.5,1.8174317102577218,0.013452789256682862,2.3729236805206706,0.06863935068894692,0.0,0.0
20.553,1.8174317102577218,0.013452789256682862,2.3729236805206706,0.06863935068894692,0.0,0.0
20.6,1.8174317102577218,0.013452789256682862,2.3729236805206706,0.06863935068894692,0.0,0.0
20.651,1.8174317102577218,0.013452789256682862,2.3729236805206706,0.06863935068894692,0.0,0.0
20.7,1.8174317102577218,0.013452789256682862,2.3729236805206706,0.06863935068894692,0.0,0.0
20.751,1.8174317102577218,0.013452789256682862,2.3729236805206706,0.06863935068894692,0.0,0.0
20.8,1.8174317102577218,0.013452789256682862,2.3729236805206706,0.06863935068894692,0.0,0.0
20.851,1.8174317102577218,0.013452789256682862,2.3729236805206706,0.06863935068894692,0.0,0.0
20.9,1.8174317102577218,0.013452789256682862,2.3729236805206706,0.06863935068894692,0.0,0.0
20.95,1.8174317102577218,0.013452789256682862,2.3729236805206706,0.06863935068894692,0.0,0.0
21.0,1.8174317102577218,0.013452789256682862,2.373653790003375,0.06728501860355124,0.0,0.0
21.052,1.8174317102577218,0.013452789256682862,2.373653790003375,0.06728501860355124,0.0,0.0
21.1,1.8174317102577218,0.013452789256682862,2.373653790003375,0.06728501860355124,0.0,0.0
21.152,1.8174317102577218,0.013452789256682862,2.373653790003375,0.06728501860355124,0.0,0.0
21.2,1.8174317102577218,0.013452789256682862,2.373653790003375,0.06728501860355124,0.0,0.0
21.25,1.8174317102577218,0.013452789256682862,2.373653790003375,0.06728501860355124,0.0,0.0
21.3,1.8174317102577218,0.013452789256682862,2.373653790003375,0.06728501860355124,0.0,0.0
21.35,1.8174317102577218,0.013452789256682862,2.373653790003375,0.06728501860355124,0.0,0.0
21.4,1.8174317102577218,0.013452789256682862,2.373653790003375,0.06728501860355124,0.0,0.0
21.45,1.8174317102577218,0.013452789256682862,2.373653790003375,0.06728501860355124,0.0,0.0
21.5,1.8174317102577218,0.013452789256682862,2.373653790003375,0.06728501860355124,0.0,0.0
21.55,1.8174317102577218,0.013452789256682862,2.373653790003375,0.06728501860355124,0.0,0.0
21.6,1.8174317102577218,0.013452789256682862,2.373653790003375,0.06728501860355124,0.0,0.0
21.65,1.8174317102577218,0.013452789256682862,2.373653790003375,0.06728501860355124,0.0,0.0
21.7,1.8174317102577218,0.013452789256682862,2.373653790003375,0.06728501860355124,0.0,0.0
21.75,1.8174317102577218,0.013452789256682862,2.373653790003375,0.06728501860355124,0.0,0.0
21.8,1.8174317102577218,0.013452789256682862,2.373653790003375,0.06728501860355124,0.0,0.0
21.85,1.8174317102577218,0.013452789256682862,2.373653790003375,0.06728501860355124,0.0,0.0
21.9,1.8174317102577218,0.013452789256682862,2.373653790003375,0.06728501860355124,0.0,0.0
21.95,1.8174317102577218,0.013452789256682862,2.373653790003375,0.06728501860355124,0.0,0.0
22.0,1.8174317102577218,0.013452789256682862,2.377655426473791,0.1444764983788371,0.0,0.0
22.053,1.8174317102577218,0.013452789256682862,2.377655426473791,0.1444764983788371,0.0,0.0
22.1,1.8174317102577218,0.013452789256682862,2.377655426473791,0.1444764983788371,0.0,0.0
22.151,1.8174317102577218,0.013452789256682862,2.377655426473791,0.1444764983788371,0.0,0.0
22.2,1.8174317102577218,0.013452789256682862,2.377655426473791,0.1444764983788371,0.0,0.0
22.251,1.8174317102577218,0.013452789256682862,2.377655426473791,0.1444764983788371,0.0,0.0
22.3,1.8174317102577218,0.013452789256682862,2.377655426473791,0.1444764983788371,0.0,0.0
22.351,1.8174317102577218,0.013452789256682862,2.377655426473791,0.1444764983788371,0.0,0.0
22.4,1.8174317102577218,0.013452789256682862,2.377655426473791,0.1444764983788371,0.0,0.0
22.453,1.8174317102577218,0.013452789256682862,2.377655426473791,0.1444764983788371,0.0,0.0
22.5,1.8174317102577218,0.013452789256682862,2.377655426473791,0.1444764983788371,0.0,0.0
22.55,1.8174317102577218,0.013452789256682862,2.377655426473791,0.1444764983788371,0.0,0.0
22.6,1.8174317102577218,0.013452789256682862,2.377655426473791,0.1444764983788371,0.0,0.0
22.65,1.8174317102577218,0.013452789256682862,2.377655426473791,0.1444764983788371,0.0,0.0
22.7,1.8174317102577218,0.013452789256682862,2.377655426473791,0.1444764983788371,0.0,0.0
22.751,1.8174317102577218,0.013452789256682862,2.377655426473791,0.1444764983788371,0.0,0.0
22.8,1.8174317102577218,0.013452789256682862,2.377655426473791,0.1444764983788371,0.0,0.0
22.85,1.8174317102577218,0.013452789256682862,2.377655426473791,0.1444764983788371,0.0,0.0
22.9,1.8174317102577218,0.013452789256682862,2.377655426473791,0.1444764983788371,0.0,0.0
22.952,1.8174317102577218,0.013452789256682862,2.377655426473791,0.1444764983788371,0.0,0.0
23.0,1.8174317102577218,0.013452789256682862,2.382984984796451,0.2140249528483305,0.0,0.0
23.052,1.8174317102577218,0.013452789256682862,2.382984984796451,0.2140249528483305,0.0,0.0
23.1,1.8174317102577218,0.013452789256682862,2.382984984796451,0.2140249528483305,0.0,0.0
23.15,1.8174317102577218,0.013452789256682862,2.382984984796451,0.2140249528483305,0.0,0.0
23.2,1.8174317102577218,0.013452789256682862,2.382984984796451,0.2140249528483305,0.0,0.0
23.25,1.8174317102577218,0.013452789256682862,2.382984984796451,0.2140249528483305,0.0,0.0
23.3,1.8174317102577218,0.013452789256682862,2.382984984796451,0.2140249528483305,0.0,0.0
23.35,1.8174317102577218,0.013452789256682862,2.382984984796451,0.2140249528483305,0.0,0.0
23.4,1.8174317102577218,0.013452789256682862,2.382984984796451,0.2140249528483305,0.0,0.0
23.451,1.8174317102577218,0.013452789256682862,2.382984984796451,0.2140249528483305,0.0,0.0
23.5,1.8174317102577218,0.013452789256682862,2.382984984796451,0.2140249528483305,0.0,0.0
23.55,1.8174317102577218,0.013452789256682862,2.382984984796451,0.2140249528483305,0.0,0.0
23.6,1.8174317102577218,0.013452789256682862,2.382984984796451,0.2140249528483305,0.0,0.0
23.65,1.8174317102577218,0.013452789256682862,2.382984984796451,0.2140249528483305,0.0,0.0
23.701,1.8174317102577218,0.013452789256682862,2.382984984796451,0.2140249528483305,0.0,0.0
23.75,1.8174317102577218,0.013452789256682862,2.382984984796451,0.2140249528483305,0.0,0.0
23.8,1.8174317102577218,0.013452789256682862,2.382984984796451,0.2140249528483305,0.0,0.0
23.85,1.8174317102577218,0.013452789256682862,2.382984984796451,0.2140249528483305,0.0,0.0
23.9,1.8174317102577218,0.013452789256682862,2.382984984796451,0.2140249528483305,0.0,0.0
23.952,1.8174317102577218,0.013452789256682862,2.382984984796451,0.2140249528483305,0.0,0.0
24.0,1.8174317102577218,0.013452789256682862,2.3846179069929128,0.2892615793763141,0.0,0.0
24.05,1.8174317102577218,0.013452789256682862,2.3846179069929128,0.2892615793763141,0.0,0.0
24.1,1.8174317102577218,0.013452789256682862,2.3846179069929128,0.2892615793763141,0.0,0.0
24.152,1.8174317102577218,0.013452789256682862,2.3846179069929128,0.2892615793763141,0.0,0.0
24.2,1.8174317102577218,0.013452789256682862,2.3846179069929128,0.2892615793763141,0.0,0.0
24.25,1.8174317102577218,0.013452789256682862,2.3846179069929128,0.2892615793763141,0.0,0.0
24.3,1.8174317102577218,0.013452789256682862,2.3846179069929128,0.2892615793763141,0.0,0.0
24.352,1.8174317102577218,0.013452789256682862,2.3846179069929128,0.2892615793763141,0.0,0.0
24.4,1.8174317102577218,0.013452789256682862,2.3846179069929128,0.2892615793763141,0.0,0.0
24.45,1.8174317102577218,0.013452789256682862,2.3846179069929128,0.2892615793763141,0.0,0.0
24.5,1.8174317102577218,0.013452789256682862,2.3846179069929128,0.2892615793763141,0.0,0.0
24.552,1.8174317102577218,0.013452789256682862,2.3846179069929128,0.2892615793763141,0.0,0.0
24.6,1.8174317102577218,0.013452789256682862,2.3846179069929128,0.2892615793763141,0.0,0.0
24.65,1.8174317102577218,0.013452789256682862,2.3846179069929128,0.2892615793763141,0.0,0.0
24.7,1.8174317102577218,0.013452789256682862,2.3846179069929128,0.2892615793763141,0.0,0.0
24.75,1.8174317102577218,0.013452789256682862,2.3846179069929128,0.2892615793763141,0.0,0.0
24.8,1.8174317102577218,0.013452789256682862,2.3846179069929128,0.2892615793763141,0.0,0.0
24.851,1.8174317102577218,0.013452789256682862,2.3846179069929128,0.2892615793763141,0.0,0.0
24.9,1.8174317102577218,0.013452789256682862,2.3846179069929128,0.2892615793763141,0.0,0.0
24.95,1.8174317102577218,0.013452789256682862,2.3846179069929128,0.2892615793763141,0.0,0.0
25.0,1.8174317102577218,0.013452789256682862,2.3875034041463365,0.3667295553410461,0.0,0.0
25.05,1.8174317102577218,0.013452789256682862,2.3875034041463365,0.3667295553410461,0.0,0.0
25.1,1.8174317102577218,0.013452789256682862,2.3875034041463365,0.3667295553410461,0.0,0.0
25.151,1.8174317102577218,0.013452789256682862,2.3875034041463365,0.3667295553410461,0.0,0.0
25.201,1.8174317102577218,0.013452789256682862,2.3875034041463365,0.3667295553410461,0.0,0.0
25.252,1.8174317102577218,0.013452789256682862,2.3875034041463365,0.3667295553410461,0.0,0.0
25.3,1.8174317102577218,0.013452789256682862,2.3875034041463365,0.3667295553410461,0.0,0.0
25.35,1.8174317102577218,0.013452789256682862,2.3875034041463365,0.3667295553410461,0.0,0.0
25.4,1.8174317102577218,0.013452789256682862,2.3875034041463365,0.3667295553410461,0.0,0.0
25.451,1.8174317102577218,0.013452789256682862,2.3875034041463365,0.3667295553410461,0.0,0.0
25.5,1.8174317102577218,0.013452789256682862,2.3875034041463365,0.3667295553410461,0.0,0.0
25.551,1.8174317102577218,0.013452789256682862,2.3875034041463365,0.3667295553410461,0.0,0.0
25.6,1.8174317102577218,0.013452789256682862,2.3875034041463365,0.3667295553410461,0.0,0.0
25.65,1.8174317102577218,0.013452789256682862,2.3875034041463365,0.3667295553410461,0.0,0.0
25.7,1.8174317102577218,0.013452789256682862,2.3875034041463365,0.3667295553410461,0.0,0.0
25.75,1.8174317102577218,0.013452789256682862,2.3875034041463365,0.3667295553410461,0.0,0.0
25.801,1.8174317102577218,0.013452789256682862,2.3875034041463365,0.3667295553410461,0.0,0.0
25.85,1.8174317102577218,0.013452789256682862,2.3875034041463365,0.3667295553410461,0.0,0.0
25.9,1.8174317102577218,0.013452789256682862,2.3875034041463365,0.3667295553410461,0.0,0.0
25.951,1.8174317102577218,0.013452789256682862,2.3875034041463365,0.3667295553410461,0.0,0.0
26.0,1.8174317102577218,0.013452789256682862,2.387619784842689,0.4473328576603809,0.0,0.0
26.054,1.8174317102577218,0.013452789256682862,2.387619784842689,0.4473328576603809,0.0,0.0
26.1,1.817432882317705,0.01345320803442374,2.387619784842689,0.4473328576603809,-1.1102230246251565e-13,0.0
26.151,1.8174328823177028,0.013453208034421278,2.387619784842689,0.4473328576603809,-1.1102230246251565e-13,0.0
26.2,1.8174328823177013,0.013453208034419559,2.387619784842689,0.4473328576603809,-1.2212453270876722e-13,0.0
26.25,1.817432882317699,0.013453208034416981,2.387619784842689,0.4473328576603809,-1.1102230246251565e-13,0.0
26.3,1.8174328823176977,0.013453208034415218,2.387619784842689,0.4473328576603809,-1.1102230246251565e-13,0.0
26.35,1.8174328823176953,0.013453208034412485,2.387619784842689,0.4473328576603809,-1.2212453270876722e-13,0.0
26.4,1.817432882317694,0.013453208034410647,2.387619784842689,0.4473328576603809,-1.2212453270876722e-13,0.0
26.45,1.8174304930984813,0.013452182201560262,2.387619784842689,0.4473328576603809,0.0,0.0
26.5,1.8174304930984813,0.013452182201560262,2.387619784842689,0.4473328576603809,0.0,0.0
26.551,1.8174304930984813,0.013452182201560262,2.387619784842689,0.4473328576603809,0.0,0.0
26.6,1.8174304930984813,0.013452182201560262,2.387619784842689,0.4473328576603809,0.0,0.0
26.65,1.8174304930984813,0.013452182201560262,2.387619784842689,0.4473328576603809,0.0,0.0
26.7,1.8174304930984813,0.013452182201560262,2.387619784842689,0.4473328576603809,0.0,0.0
26.75,1.8174304930984813,0.013452182201560262,2.387619784842689,0.4473328576603809,0.0,0.0
26.8,1.8174304930984813,0.013452182201560262,2.387619784842689,0.4473328576603809,0.0,0.0
26.85,1.8174304930984813,0.013452182201560262,2.387619784842689,0.4473328576603809,0.0,0.0
26.9,1.8174304930984813,0.013452182201560262,2.387619784842689,0.4473328576603809,0.0,0.0
26.952,1.8174304930984813,0.013452182201560262,2.387619784842689,0.4473328576603809,0.0,0.0
27.0,1.8174304930984813,0.013452182201560262,2.389392679795936,0.44570966752421126,0.0,0.0
27.05,1.8174304930984813,0.013452182201560262,2.389392679795936,0.44570966752421126,0.0,0.0
27.1,1.8174304930984813,0.013452182201560262,2.389392679795936,0.44570966752421126,0.0,0.0
27.151,1.8174304930984813,0.013452182201560262,2.389392679795936,0.44570966752421126,0.0,0.0
27.2,1.8174304930984813,0.013452182201560262,2.389392679795936,0.44570966752421126,0.0,0.0
27.251,1.8174304930984813,0.013452182201560262,2.389392679795936,0.44570966752421126,0.0,0.0
27.3,1.8174304930984813,0.013452182201560262,2.389392679795936,0.44570966752421126,0.0,0.0
27.35,1.8174304930984813,0.013452182201560262,2.389392679795936,0.44570966752421126,0.0,0.0
27.4,1.8174304930984813,0.013452182201560262,2.389392679795936,0.44570966752421126,0.0,0.0
27.45,1.8174304930984813,0.013452182201560262,2.389392679795936,0.44570966752421126,0.0,0.0
27.5,1.8174304930984813,0.013452182201560262,2.389392679795936,0.44570966752421126,0.0,0.0
27.55,1.8174304930984813,0.013452182201560262,2.389392679795936,0.44570966752421126,0.0,0.0
27.6,1.8174304930984813,0.013452182201560262,2.389392679795936,0.44570966752421126,0.0,0.0
27.65,1.8174304930984813,0.013452182201560262,2.389392679795936,0.44570966752421126,0.0,0.0
27.7,1.8174304930984813,0.013452182201560262,2.389392679795936,0.44570966752421126,0.0,0.0
27.75,1.8174304930984813,0.013452182201560262,2.389392679795936,0.44570966752421126,0.0,0.0
27.8,1.8174304930984813,0.013452182201560262,2.389392679795936,0.44570966752421126,0.0,0.0
27.85,1.8174304930984813,0.013452182201560262,2.389392679795936,0.44570966752421126,0.0,0.0
27.9,1.8174304930984813,0.013452182201560262,2.389392679795936,0.44570966752421126,0.0,0.0
27.95,1.8174304930984813,0.013452182201560262,2.389392679795936,0.44570966752421126,0.0,0.0
28.0,1.8174304930984813,0.013452182201560262,2.389392679795936,0.44570966752421126,0.0,0.0
28.051,1.8174304930984813,0.013452182201560262,2.389392679795936,0.44570966752421126,0.0,0.0
28.1,1.8174304930984813,0.013452182201560262,2.389392679795936,0.44570966752421126,0.0,0.0
28.15,1.8174304930984813,0.013452182201560262,2.389392679795936,0.44570966752421126,0.0,0.0
28.2,1.8174304930984813,0.013452182201560262,2.389392679795936,0.44570966752421126,0.0,0.0
28.25,1.8174304930984813,0.013452182201560262,2.389392679795936,0.44570966752421126,0.0,0.0
28.3,1.8174304930984813,0.013452182201560262,2.389392679795936,0.44570966752421126,0.0,0.0
28.35,1.8174304930984813,0.013452182201560262,2.389392679795936,0.44570966752421126,0.0,0.0
28.4,1.8174304930984813,0.013452182201560262,2.389392679795936,0.44570966752421126,0.0,0.0
28.45,1.8174304930984813,0.013452182201560262,2.389392679795936,0.44570966752421126,0.0,0.0
28.5,1.8174304930984813,0.013452182201560262,2.389392679795936,0.44570966752421126,0.0,0.0
28.55,1.8174304930984813,0.013452182201560262,2.389392679795936,0.44570966752421126,0.0,0.0
28.6,1.8174304930984813,0.013452182201560262,2.389392679795936,0.44570966752421126,0.0,0.0
28.65,1.8174304930984813,0.013452182201560262,2.389392679795936,0.44570966752421126,0.0,0.0
28.7,1.8174304930984813,0.013452182201560262,2.389392679795936,0.44570966752421126,0.0,0.0
28.752,1.8174304930984813,0.013452182201560262,2.389392679795936,0.44570966752421126,0.0,0.0
28.8,1.8174304930984813,0.013452182201560262,2.389392679795936,0.44570966752421126,0.0,0.0
28.852,1.8174304930984813,0.013452182201560262,2.389392679795936,0.44570966752421126,0.0,0.0
28.9,1.8174304930984813,0.013452182201560262,2.389392679795936,0.44570966752421126,0.0,0.0
28.95,1.8174304930984813,0.013452182201560262,2.389392679795936,0.44570966752421126,0.0,0.0
29.0,1.8174304930984813,0.013452182201560262,2.389392679795936,0.44570966752421126,0.0,0.0
29.051,1.8174304930984813,0.013452182201560262,2.389392679795936,0.44570966752421126,0.0,0.0
29.1,1.8174304930984813,0.013452182201560262,2.389392679795936,0.44570966752421126,0.0,0.0
29.15,1.8174304930984813,0.013452182201560262,2.389392679795936,0.44570966752421126,0.0,0.0
29.201,1.8174304930984813,0.013452182201560262,2.389392679795936,0.44570966752421126,0.0,0.0
29.25,1.8174304930984813,0.013452182201560262,2.389392679795936,0.44570966752421126,0.0,0.0
29.3,1.8174304930984813,0.013452182201560262,2.389392679795936,0.44570966752421126,0.0,0.0
29.35,1.8174304930984813,0.013452182201560262,2.389392679795936,0.44570966752421126,0.0,0.0
29.4,1.8174304930984813,0.013452182201560262,2.389392679795936,0.44570966752421126,0.0,0.0
29.45,1.8174304930984813,0.013452182201560262,2.389392679795936,0.44570966752421126,0.0,0.0
29.5,1.8174304930984813,0.013452182201560262,2.389392679795936,0.44570966752421126,0.0,0.0
29.551,1.8174304930984813,0.013452182201560262,2.389392679795936,0.44570966752421126,0.0,0.0
29.6,1.8174304930984813,0.013452182201560262,2.389392679795936,0.44570966752421126,0.0,0.0
29.65,1.8174304930984813,0.013452182201560262,2.389392679795936,0.44570966752421126,0.0,0.0
29.7,1.8174304930984813,0.013452182201560262,2.389392679795936,0.44570966752421126,0.0,0.0
29.75,1.8174304930984813,0.013452182201560262,2.389392679795936,0.44570966752421126,0.0,0.0
29.8,1.8174304930984813,0.013452182201560262,2.389392679795936,0.44570966752421126,0.0,0.0
29.85,1.8174304930984813,0.013452182201560262,2.389392679795936,0.44570966752421126,0.0,0.0
29.9,1.8174304930984813,0.013452182201560262,2.389392679795936,0.44570966752421126,0.0,0.0
29.952,1.8174304930984813,0.013452182201560262,2.389392679795936,0.44570966752421126,0.0,0.0
30.0,1.8174304930984813,0.013452182201560262,2.389392679795936,0.44570966752421126,0.0,0.0
30.052,1.8174304930984813,0.013452182201560262,2.389392679795936,0.44570966752421126,0.0,0.0
30.1,1.8174304930984813,0.013452182201560262,2.389392679795936,0.44570966752421126,0.0,0.0
30.151,1.8174304930984813,0.013452182201560262,2.389392679795936,0.44570966752421126,0.0,0.0
30.2,1.8174304930984813,0.013452182201560262,2.389392679795936,0.44570966752421126,0.0,0.0
30.25,1.8174304930984813,0.013452182201560262,2.389392679795936,0.44570966752421126,0.0,0.0
30.3,1.8174304930984813,0.013452182201560262,2.389392679795936,0.44570966752421126,0.0,0.0
30.351,1.8174304930984813,0.013452182201560262,2.389392679795936,0.44570966752421126,0.0,0.0
30.4,1.8174304930984813,0.013452182201560262,2.389392679795936,0.44570966752421126,0.0,0.0
30.45,1.8174304930984813,0.013452182201560262,2.389392679795936,0.44570966752421126,0.0,0.0
30.5,1.8174304930984813,0.013452182201560262,2.389392679795936,0.44570966752421126,0.0,0.0
30.551,1.8174304930984813,0.013452182201560262,2.389392679795936,0.44570966752421126,0.0,0.0
30.6,1.8174304930984813,0.013452182201560262,2.389392679795936,0.44570966752421126,0.0,0.0
30.651,1.8174304930984813,0.013452182201560262,2.389392679795936,0.44570966752421126,0.0,0.0
30.7,1.8174304930984813,0.013452182201560262,2.389392679795936,0.44570966752421126,0.0,0.0
30.75,1.8174304930984813,0.013452182201560262,2.389392679795936,0.44570966752421126,0.0,0.0
30.8,1.8174304930984813,0.013452182201560262,2.389392679795936,0.44570966752421126,0.0,0.0
30.85,1.8174304930984813,0.013452182201560262,2.389392679795936,0.44570966752421126,0.0,0.0
30.9,1.8174304930984813,0.013452182201560262,2.389392679795936,0.44570966752421126,0.0,0.0
30.951,1.8174304930984813,0.013452182201560262,2.389392679795936,0.44570966752421126,0.0,0.0
31.0,1.8174304930984813,0.013452182201560262,2.5305971528414086,0.5430643771163071,0.0,0.0
31.051,1.8181474133210966,0.013759469283626355,2.5305971528414086,0.5430643771163071,0.0344999998537987,0.0
31.1,1.8219821761535777,0.015397605641982042,2.5305971528414086,0.5430643771163071,0.09449999985378099,0.0
31.15,1.826380149858255,0.017270097365001607,2.5305971528414086,0.5430643771163071,0.1344999998537766,0.0
31.2,1.8357425110216765,0.02124188198652832,2.5305971528414086,0.5430643771163071,0.19449999985378108,0.0
31.25,1.8438222723328768,0.024676382858955834,2.5305971528414086,0.5430643771163071,0.23449999985374337,0.0
31.3,1.853362828263415,0.028765652212398112,2.5305971528414086,0.5430643771163071,0.2744999998475661,0.0
31.35,1.8697099093671838,0.03578287106219542,2.5305971528414086,0.5430643771163071,0.29999999999996696,0.0
31.4,1.8862801280362869,0.042813324682720616,2.5305971528414086,0.5430643771163071,0.29999999999994476,0.0
31.453,1.897330279938955,0.047499020495273714,2.5305971528414086,0.5430643771163071,0.29999999999996696,0.0
31.5,1.908353965501066,0.05224012174351547,2.5305971528414086,0.5430643771163071,0.29999999999996696,0.0
31.551,1.9248311668941476,0.059488802468041925,2.5305971528414086,0.5430643771163071,0.29999999999950067,0.0
31.6,1.9357490335858878,0.06446862771510169,2.5305971528414086,0.5430643771163071,0.29999999999950067,0.0
31.65,1.952040541094176,0.07211959518348401,2.5305971528414086,0.5430643771163071,0.29999999999996696,0.0
31.7,1.9628792459855284,0.07726958118383373,2.5305971528414086,0.5430643771163071,0.300000000006162,0.0
31.75,1.9790935601457615,0.08508587305932644,2.5305971528414086,0.5430643771163071,0.29999999999985594,0.0
31.8,1.9898720067324884,0.09035775371956323,2.5305971528414086,0.5430643771163071,0.29999999999996696,0.0
31.85,2.0060353264289823,0.09828006309542756,2.5305971528414086,0.5430643771163071,0.29999999999996696,0.0
31.9,2.0221362939067,0.10633099722835201,2.5305971528414086,0.5430643771163071,0.29999999999936744,0.0
31.95,2.0327801582091083,0.1118722348059753,2.5305971528414086,0.5430643771163071,0.2999999999991454,0.0
32.0,2.043337520066888,0.1175765551326047,2.6720232563058124,0.6405054036002626,0.2999999999991454,0.0
32.05,2.0494266330896576,0.11910209558955866,2.6720232563058124,0.6405054036002626,0.008926990297331017,0.0
32.1,2.049263774230882,0.11719375451402414,2.6720232563058124,0.6405054036002626,0.049499999875979306,0.0
32.15,2.052981690335626,0.11837518185408992,2.6720232563058124,0.6405054036002626,0.10949999987603931,0.0
32.2,2.0576750193644187,0.12100521228270195,2.6720232563058124,0.6405054036002626,0.1494999998760349,0.0
32.25,2.0673170429249503,0.1264424792361904,2.6720232563058124,0.6405054036002626,0.20949999987596168,0.0
32.3,2.075460006140703,0.13109826677306152,2.6720232563058124,0.6405054036002626,0.2494999996858649,0.0
32.35,2.090138813509927,0.13960374279071364,2.6720232563058124,0.6405054036002626,0.2999999999631964,0.0
32.4,2.1056703814151088,0.14870153500967867,2.6720232563058124,0.6405054036002626,0.29999999999996696,0.0
32.452,2.115873506387923,0.1547311331835014,2.6720232563058124,0.6405054036002626,0.29999999999996696,0.0
32.5,2.126185652464953,0.16086786926033064,2.6720232563058124,0.6405054036002626,0.29999999999996696,0.0
32.551,2.14144318541006,0.17002537278513563,2.6720232563058124,0.6405054036002626,0.28421052633635924,0.0
32.6,2.1511775322296196,0.1758976362241026,2.6720232563058124,0.6405054036002626,0.2842105263157091,0.0
32.65,2.166169271335513,0.1850188194549221,2.6720232563058124,0.6405054036002626,0.2999999999997449,0.0
32.7,2.176354105394598,0.19136453712169235,2.6720232563058124,0.6405054036002626,0.2999999999997449,0.0
32.75,2.1915204449193646,0.20105870903685108,2.6720232563058124,0.6405054036002626,0.2999999999997227,0.0
32.8,2.201503400822123,0.20760300233275664,2.6720232563058124,0.6405054036002626,0.29368421074684736,0.0
32.85,2.2160581790722795,0.21741171284308208,2.6720232563058124,0.6405054036002626,0.2999999999997227,0.0
32.9,2.2259306545682196,0.2242332379731031,2.6720232563058124,0.6405054036002626,0.2999999999997227,0.0
32.95,2.2406284569017725,0.23462410124470606,2.6720232563058124,0.6405054036002626,0.2999999999997449,0.0
33.0,2.250347760107792,0.24166214946185488,2.8927960450968415,0.7693492569939113,0.2999999999997449,0.0
33.051,2.2616506817960595,0.25000720811032023,2.8927960450968415,0.7693492569939113,0.05000000000092708,0.0
33.1,2.26375310077995,0.2515821647253431,2.8927960450968415,0.7693492569939113,0.08039658068350608,0.0
33.151,2.2692728800780295,0.25582154873880897,2.8927960450968415,0.7693492569939113,0.14049999987597594,0.0
33.2,2.2744953237276913,0.2598897653867106,2.8927960450968415,0.7693492569939113,0.18049999994975696,0.0
33.252,2.2737631350483674,0.2677970968891834,2.8927960450968415,0.7693492569939113,0.24049999972566294,0.0
33.3,2.2698189062564214,0.27749176348469423,2.8927960450968415,0.7693492569939113,0.268421052631429,0.0
33.35,2.2787764940861543,0.2846729777154562,2.8927960450968415,0.7693492569939113,0.29978421048855175,0.0
33.4,2.288134414463902,0.29215967362452505,2.8927960450968415,0.7693492569939113,0.2984210528468312,0.0
33.452,2.2952685723678155,0.29785530092182566,2.8927960450968415,0.7693492569939113,9.325873406851315e-13,0.0
33.5,2.2957610661067807,0.29824817481176047,2.8927960450968415,0.7693492569939113,0.030499999876010264,0.0
33.551,2.298830370014205,0.3007026137829624,2.8927960450968415,0.7693492569939113,0.09049999987600366,0.0
33.6,2.3024353168323204,0.30359203541925095,2.8927960450968415,0.7693492569939113,0.13049999987604366,0.0
33.65,2.310173271925634,0.3098101081979622,2.8927960450968415,0.7693492569939113,0.19049999987601485,0.0
33.7,2.3168736509927927,0.31523313888125565,2.8927960450968415,0.7693492569939113,0.23049999987603265,0.0
33.755,2.329217098655177,0.3253030818280277,2.8927960450968415,0.7693492569939113,0.29049999985375496,0.0
33.8,2.338479053044294,0.3329172914131051,2.8927960450968415,0.7693492569939113,0.29999999999996696,0.0
33.85,2.3523395110113676,0.34440150361054045,2.8927960450968415,0.7693492569939113,0.29999999999996696,0.0
33.9,2.3615503058938483,0.35209313178821167,2.8927960450968415,0.7693492569939113,0.29999999999996696,0.0
33.951,2.37466484022291,0.3631158280109612,2.8927960450968415,0.7693492569939113,0.2842105263157091,0.0
34.0,2.3882608910516008,0.3746820308150818,3.013997905179862,0.8608618205051731,0.29999999999996696,0.0
34.052,2.397345742636423,0.3825211411553877,3.013997905179862,0.8608618205051731,0.29999999999996696,0.0
34.1,2.403060239731935,0.38747204330141183,3.013997905179862,0.8608618205051731,0.05544726650810183,0.0
34.15,2.4054917078519313,0.38958305298512597,3.013997905179862,0.8608618205051731,0.09549999987601421,0.0
34.2,2.4091281605597246,0.39274669165492404,3.013997905179862,0.8608618205051731,0.1354999997978501,0.0
34.25,2.416833961144013,0.3994752466691627,3.013997905179862,0.8608618205051731,0.19549999985379873,0.0
34.3,2.4234671694868735,0.40528841621566836,3.013997905179862,0.8608618205051731,0.23549999985379433,0.0
34.35,2.4356593119299483,0.4160012361348632,3.013997905179862,0.8608618205051731,0.2954999998537877,0.0
34.4,2.449161994685534,0.4279040694772622,3.013997905179862,0.8608618205051731,0.29999999999996696,0.0
34.452,2.4498739082760945,0.4285336167698879,3.013997905179862,0.8608618205051731,9.999999099896684e-05,0.0
34.5,2.4505176305193634,0.4291038988218897,3.013997905179862,0.8608618205051731,0.03649999987602737,0.0
34.55,2.4537263988554376,0.43195133721557044,3.013997905179862,0.8608618205051731,0.09649999987602076,0.0
34.6,2.459627505169249,0.437188611710704,3.013997905179862,0.8608618205051731,0.15649999971070194,0.0
34.65,2.4650549796978884,0.44201044907658327,3.013997905179862,0.8608618205051731,0.19649999987603195,0.0
34.7,2.47167257470605,0.44790171628592623,3.013997905179862,0.8608618205051731,0.23649999987604975,0.0
34.75,2.4838249049548593,0.45874848253680955,3.013997905179862,0.8608618205051731,0.29639999986839083,0.0
34.8,2.4927674222398934,0.4667504430455457,3.013997905179862,0.8608618205051731,0.29999999999996696,0.0
34.852,2.4927127397523834,0.47638284949920995,3.013997905179862,0.8608618205051731,0.29999999999996696,0.0
34.9,2.488114721240277,0.4820669470285779,3.013997905179862,0.8608618205051731,0.3000000000002112,0.0
34.952,2.494194043101249,0.49260646949785414,3.013997905179862,0.8608618205051731,0.2842105263157091,0.0
35.0,2.5026442471804,0.5003461428498581,3.087119767612236,0.9085262327378189,0.2927105261670615,0.0
35.05,2.5079723473898827,0.5052569860427115,3.087119767612236,0.9085262327378189,0.001842105494431756,0.0
35.1,2.507972347389912,0.5052569860427468,3.087119767612236,0.9085262327378189,1.7763568394002505e-13,0.0
35.151,2.507972347393731,0.505256986046281,3.087119767612236,0.9085262327378189,9.325873406851315e-13,0.0
35.2,2.5079723473937534,0.5052569860463082,3.087119767612236,0.9085262327378189,9.769962616701378e-13,0.0
35.251,2.507972347394272,0.5052569860467959,3.087119767612236,0.9085262327378189,9.325873406851315e-13,0.0
35.3,2.5079723473943023,0.5052569860468326,3.087119767612236,0.9085262327378189,3.774758283725532e-13,0.0
35.35,2.5079723473943467,0.5052569860468793,3.087119767612236,0.9085262327378189,9.325873406851315e-13,0.0
35.4,2.5079723473943325,0.5052569860468704,3.087119767612236,0.9085262327378189,-4.130029651605582e-12,0.0
35.454,2.5079723473943316,0.5052569860468784,3.087119767612236,0.9085262327378189,-3.3528735343679728e-12,0.0
35.5,2.507972347394327,0.5052569860468777,3.087119767612236,0.9085262327378189,0.0,0.0
35.55,2.507972347394327,0.5052569860468777,3.087119767612236,0.9085262327378189,0.0,0.0
35.6,2.507972347394327,0.5052569860468777,3.087119767612236,0.9085262327378189,0.0,0.0
35.65,2.507972347394327,0.5052569860468777,3.087119767612236,0.9085262327378189,0.0,0.0
35.7,2.507972347394327,0.5052569860468777,3.087119767612236,0.9085262327378189,0.0,0.0
35.751,2.507972347394327,0.5052569860468777,3.087119767612236,0.9085262327378189,0.0,0.0
35.8,2.507972347394327,0.5052569860468777,3.087119767612236,0.9085262327378189,0.0,0.0
35.851,2.507972347394327,0.5052569860468777,3.087119767612236,0.9085262327378189,0.0,0.0
35.9,2.507972347394327,0.5052569860468777,3.087119767612236,0.9085262327378189,0.0,0.0
35.951,2.507972347394327,0.5052569860468777,3.087119767612236,0.9085262327378189,0.0,0.0
36.0,2.507972347394327,0.5052569860468777,3.049473913345132,0.9071121243972,0.0,0.0
36.05,2.507972347394327,0.5052569860468777,3.049473913345132,0.9071121243972,0.0,0.0
36.1,2.507972347394327,0.5052569860468777,3.049473913345132,0.9071121243972,0.0,0.0
36.15,2.507972347394327,0.5052569860468777,3.049473913345132,0.9071121243972,0.0,0.0
36.2,2.507972347394327,0.5052569860468777,3.049473913345132,0.9071121243972,0.0,0.0
36.25,2.507972347394327,0.5052569860468777,3.049473913345132,0.9071121243972,0.0,0.0
36.3,2.507972347394327,0.5052569860468777,3.049473913345132,0.9071121243972,0.0,0.0
36.351,2.507972347394327,0.5052569860468777,3.049473913345132,0.9071121243972,0.0,0.0
36.4,2.507972347394327,0.5052569860468777,3.049473913345132,0.9071121243972,0.0,0.0
36.45,2.507972347394327,0.5052569860468777,3.049473913345132,0.9071121243972,0.0,0.0
36.5,2.507972347394327,0.5052569860468777,3.049473913345132,0.9071121243972,0.0,0.0
36.551,2.507972347394327,0.5052569860468777,3.049473913345132,0.9071121243972,0.0,0.0
36.6,2.507972347394327,0.5052569860468777,3.049473913345132,0.9071121243972,0.0,0.0
36.65,2.507972347394327,0.5052569860468777,3.049473913345132,0.9071121243972,0.0,0.0
36.7,2.507972347394327,0.5052569860468777,3.049473913345132,0.9071121243972,0.0,0.0
36.75,2.507972347394327,0.5052569860468777,3.049473913345132,0.9071121243972,0.0,0.0
36.8,2.507972347394327,0.5052569860468777,3.049473913345132,0.9071121243972,0.0,0.0
36.85,2.507972347394327,0.5052569860468777,3.049473913345132,0.9071121243972,0.0,0.0
36.9,2.507972347394327,0.5052569860468777,3.049473913345132,0.9071121243972,0.0,0.0
36.95,2.507972347394327,0.5052569860468777,3.049473913345132,0.9071121243972,0.0,0.0
37.0,2.507972347394327,0.5052569860468777,3.049473518895872,0.9071118486554203,0.0,0.0
37.051,2.507972347394327,0.5052569860468777,3.049473518895872,0.9071118486554203,0.0,0.0
37.1,2.507972347394327,0.5052569860468777,3.049473518895872,0.9071118486554203,0.0,0.0
37.15,2.507972347394327,0.5052569860468777,3.049473518895872,0.9071118486554203,0.0,0.0
37.2,2.507972347394327,0.5052569860468777,3.049473518895872,0.9071118486554203,0.0,0.0
37.253,2.507972347394327,0.5052569860468777,3.049473518895872,0.9071118486554203,0.0,0.0
37.3,2.507972347394327,0.5052569860468777,3.049473518895872,0.9071118486554203,0.0,0.0
37.35,2.507972347394327,0.5052569860468777,3.049473518895872,0.9071118486554203,0.0,0.0
37.4,2.507972347394327,0.5052569860468777,3.049473518895872,0.9071118486554203,0.0,0.0
37.451,2.507972347394327,0.5052569860468777,3.049473518895872,0.9071118486554203,0.0,0.0
37.5,2.507972347394327,0.5052569860468777,3.049473518895872,0.9071118486554203,0.0,0.0
37.553,2.507972347394327,0.5052569860468777,3.049473518895872,0.9071118486554203,0.0,0.0
37.6,2.507972347394327,0.5052569860468777,3.049473518895872,0.9071118486554203,0.0,0.0
37.65,2.507972347394327,0.5052569860468777,3.049473518895872,0.9071118486554203,0.0,0.0
37.7,2.507972347394327,0.5052569860468777,3.049473518895872,0.9071118486554203,0.0,0.0
37.75,2.507972347394327,0.5052569860468777,3.049473518895872,0.9071118486554203,0.0,0.0
37.8,2.507972347394327,0.5052569860468777,3.049473518895872,0.9071118486554203,0.0,0.0
37.85,2.507972347394327,0.5052569860468777,3.049473518895872,0.9071118486554203,0.0,0.0
37.9,2.507972347394327,0.5052569860468777,3.049473518895872,0.9071118486554203,0.0,0.0
37.95,2.507972347394327,0.5052569860468777,3.049473518895872,0.9071118486554203,0.0,0.0
38.0,2.507972347394327,0.5052569860468777,2.98472419233186,1.0075467176491748,0.0,0.0
38.05,2.507972347394327,0.5052569860468777,2.98472419233186,1.0075467176491748,0.0,0.0
38.1,2.507972347394327,0.5052569860468777,2.98472419233186,1.0075467176491748,0.0,0.0
38.15,2.507972347394327,0.5052569860468777,2.98472419233186,1.0075467176491748,0.0,0.0
38.2,2.507972347394327,0.5052569860468777,2.98472419233186,1.0075467176491748,0.0,0.0
38.251,2.507972347394327,0.5052569860468777,2.98472419233186,1.0075467176491748,0.0,0.0
38.3,2.507972347394327,0.5052569860468777,2.98472419233186,1.0075467176491748,0.0,0.0
38.351,2.507972347394327,0.5052569860468777,2.98472419233186,1.0075467176491748,0.0,0.0
38.4,2.507972347394327,0.5052569860468777,2.98472419233186,1.0075467176491748,0.0,0.0
38.45,2.507972347394327,0.5052569860468777,2.98472419233186,1.0075467176491748,0.0,0.0
38.5,2.507972347394327,0.5052569860468777,2.98472419233186,1.0075467176491748,0.0,0.0
38.55,2.507972347394327,0.5052569860468777,2.98472419233186,1.0075467176491748,0.0,0.0
38.6,2.507972347394327,0.5052569860468777,2.98472419233186,1.0075467176491748,0.0,0.0
38.652,2.507972347394327,0.5052569860468777,2.98472419233186,1.0075467176491748,0.0,0.0
38.7,2.507972347394327,0.5052569860468777,2.98472419233186,1.0075467176491748,0.0,0.0
38.75,2.507972347394327,0.5052569860468777,2.98472419233186,1.0075467176491748,0.0,0.0
38.8,2.507972347394327,0.5052569860468777,2.98472419233186,1.0075467176491748,0.0,0.0
38.85,2.507972347394327,0.5052569860468777,2.98472419233186,1.0075467176491748,0.0,0.0
38.9,2.507972347394327,0.5052569860468777,2.98472419233186,1.0075467176491748,0.0,0.0
38.95,2.507972347394327,0.5052569860468777,2.98472419233186,1.0075467176491748,0.0,0.0
39.0,2.507972347394327,0.5052569860468777,2.795715914763048,1.3079959971931623,0.0,0.0
39.051,2.507972347394327,0.5052569860468777,2.795715914763048,1.3079959971931623,0.0,0.0
39.1,2.509087966340865,0.5063054689990191,2.795715914763048,1.3079959971931623,0.04985606701877199,0.0
39.151,2.5112463043116424,0.5084154510648076,2.795715914763048,1.3079959971931623,0.09049999985202284,0.0
39.2,2.5144806497074423,0.5117143285870955,2.795715914763048,1.3079959971931623,0.13049999985201843,0.0
39.25,2.521230997825243,0.5189963599703189,2.795715914763048,1.3079959971931623,0.19049999985167876,0.0
39.3,2.530076671966456,0.5292312721220169,2.795715914763048,1.3079959971931623,0.2504999998524715,0.0
39.35,2.53708038225158,0.5377372071655205,2.795715914763048,1.3079959971931623,0.2904999998529112,0.0
39.4,2.5445600493838105,0.5471080047740331,2.795715914763048,1.3079959971931623,0.29999999999901217,0.0
39.45,2.555152247750022,0.5608922365333706,2.795715914763048,1.3079959971931623,0.28421052631499855,0.0
39.5,2.5616579751698634,0.5696789308709199,2.795715914763048,1.3079959971931623,0.26842105263051863,0.0
39.551,2.5712347519635825,0.5832423627810132,2.795715914763048,1.3079959971931623,0.284210526314288,0.0
39.6,2.577567316246455,0.5926835246238575,2.795715914763048,1.3079959971931623,0.2842105263143102,0.0
39.651,2.5869609532517277,0.6074588826980691,2.795715914763048,1.3079959971931623,0.29576557379675794,0.0
39.7,2.5957327501791765,0.6220344415148203,2.795715914763048,1.3079959971931623,0.2999999999992786,0.0
39.75,2.601442048956315,0.6318834126244223,2.795715914763048,1.3079959971931623,0.28421052631499855,0.0
39.8,2.60701169953321,0.6417939158916807,2.795715914763048,1.3079959971931623,0.28421052631499855,0.0
39.851,2.615362614492538,0.6572312741467433,2.795715914763048,1.3079959971931623,0.29999999999947846,0.0
39.9,2.6209219990081793,0.6678657330609067,2.795715914763048,1.3079959971931623,0.29999999999950067,0.0
39.951,2.6146090942624927,0.6807937930950865,2.795715914763048,1.3079959971931623,0.2842105263152206,0.0
40.0,2.605205148619092,0.6884602948889575,2.6123538235908326,1.612955550721376,0.2842105263152428,0.0
40.05,2.6026043535614556,0.6972610758105547,2.6123538235908326,1.612955550721376,0.04844777063621741,0.0
40.1,2.6033613207178075,0.6989545344822744,2.6123538235908326,1.612955550721376,0.059970065138870154,0.0
40.151,2.6055363998892194,0.7042475003399493,2.6123538235908326,1.612955550721376,0.12071052616351441,0.0
40.2,2.608587805979782,0.7130764057522541,2.6123538235908326,1.612955550721376,0.18071052616415173,0.0
40.25,2.6109125656762755,0.7209690940613319,2.6123538235908326,1.612955550721376,0.22071052616474685,0.0
40.3,2.6133597797778343,0.7304858511493344,2.6123538235908326,1.612955550721376,0.26071052616576385,0.0
40.353,2.6170115265162175,0.7475074555848604,2.6123538235908326,1.612955550721376,0.2999999999952596,0.0
40.4,2.6190187416206085,0.7593377946539172,2.6123538235908326,1.612955550721376,0.29999999999550386,0.0
40.454,2.6213193963801227,0.7771846632098223,2.6123538235908326,1.612955550721376,0.2999999999966807,0.0
40.5,2.622377742193064,0.7886935173875955,2.6123538235908326,1.612955550721376,0.28421052631195654,0.0
40.55,2.627661234097157,0.8052796490195173,2.6123538235908326,1.612955550721376,0.28421052631242283,0.0
40.6,2.632335092206338,0.8166280035433949,2.6123538235908326,1.612955550721376,0.29999999999941185,0.0
40.65,2.6347443414838327,0.8343875198504358,2.6123538235908326,1.612955550721376,0.2999999999990344,0.0
40.7,2.634651578286407,0.8463870092937008,2.6123538235908326,1.612955550721376,0.29999999999901217,0.0
40.751,2.6341319072254175,0.8643790756267543,2.6123538235908326,1.612955550721376,0.29999999999901217,0.0
40.8,2.633569630587051,0.8763645213013176,2.6123538235908326,1.612955550721376,0.2999999999997227,0.0
40.853,2.6317340087399503,0.8911414054569773,2.6123538235908326,1.612955550721376,0.29999999999996696,0.0
40.9,2.629158294989558,0.9042835181443267,2.6123538235908326,1.612955550721376,0.30004230716031977,0.0
40.951,2.6281889590950525,0.9162446642337915,2.6123538235908326,1.612955550721376,0.29999999999950067,0.0
41.0,2.626563026931945,0.9337186019893379,2.439394216363779,1.8114463174382434,0.29271052616719473,0.0
41.054,2.6260566626395807,0.9389423276001881,2.439394216363779,1.8114463174382434,0.05000000000086047,0.0
41.1,2.625793413343973,0.9415265224111183,2.439394216363779,1.8114463174382434,0.09949999987555191,0.0
41.151,2.6249745891105767,0.948338643519547,2.439394216363779,1.8114463174382434,0.13949999987588058,0.0
41.2,2.623576342093733,0.9587147733855975,2.439394216363779,1.8114463174382434,0.19949999985349187,0.0
41.25,2.623116733169289,0.9672297976528184,2.439394216363779,1.8114463174382434,0.23949999985311,0.0
41.3,2.622313870234237,0.9773093755985492,2.439394216363779,1.8114463174382434,0.2794999998530612,0.0
41.352,2.6197149660460246,0.9947444664302174,2.439394216363779,1.8114463174382434,0.29999999999996696,0.0
41.4,2.617569581365733,1.0065511046492137,2.439394216363779,1.8114463174382434,0.29999999999996696,0.0
41.45,2.6141835009047334,1.0242300117622478,2.439394216363779,1.8114463174382434,0.2999999999997449,0.0
41.5,2.6117933118527534,1.0359895174411964,2.439394216363779,1.8114463174382434,0.2999999999997449,0.0
41.553,2.6080377705654305,1.0535921524214134,2.439394216363779,1.8114463174382434,0.29999999999996696,0.0
41.6,2.6041890157191645,1.0711762458842649,2.439394216363779,1.8114463174382434,0.30003862881797794,0.0
41.652,2.6015456469985927,1.0828814576836208,2.439394216363779,1.8114463174382434,0.29999999999996696,0.0
41.7,2.5988222707529216,1.0945683220036933,2.439394216363779,1.8114463174382434,0.2999999999997227,0.0
41.75,2.594621678950123,1.1120712769221124,2.439394216363779,1.8114463174382434,0.2999999999997449,0.0
41.8,2.5917465395722736,1.1237217386286862,2.439394216363779,1.8114463174382434,0.2999999999997449,0.0
41.85,2.5875869985225477,1.140282516247483,2.439394216363779,1.8114463174382434,0.28421052631597554,0.0
41.9,2.5847636154634026,1.1513515249260007,2.439394216363779,1.8114463174382434,0.28971052616957316,0.0
41.95,2.58025131088473,1.168762344065471,2.439394216363779,1.8114463174382434,0.29999999999996696,0.0
42.0,2.5756610915534757,1.186165991227108,2.3947455714185955,1.905620547731968,0.2998815248861586,0.0
42.051,2.575568809866782,1.186515279483421,2.3947455714185955,1.905620547731968,9.547918011776346e-13,0.0
42.1,2.575568809866758,1.186515279483474,2.3947455714185955,1.905620547731968,5.773159728050814e-13,0.0
42.15,2.575568809865406,1.1865152794885798,2.3947455714185955,1.905620547731968,9.325873406851315e-13,0.0
42.2,2.5755688098653886,1.1865152794886171,2.3947455714185955,1.905620547731968,9.325873406851315e-13,0.0
42.25,2.5737028087777363,1.185819316946141,2.3947455714185955,1.905620547731968,9.325873406851315e-13,0.0
42.3,2.570891542137294,1.1847701242145088,2.3947455714185955,1.905620547731968,9.547918011776346e-13,0.0
42.351,2.570891542137275,1.184770124214562,2.3947455714185955,1.905620547731968,9.325873406851315e-13,0.0
42.4,2.570891542137251,1.1847701242146171,2.3947455714185955,1.905620547731968,7.549516567451064e-13,0.0
42.45,2.5708915421372502,1.184770124214597,2.3947455714185955,1.905620547731968,9.547918011776346e-13,0.0
42.5,2.5708915421372494,1.1847701242145796,2.3947455714185955,1.905620547731968,-4.551914400963142e-12,0.0
42.551,2.5708915421372414,1.1847701242145825,2.3947455714185955,1.905620547731968,0.0,0.0
42.6,2.5708915421372414,1.1847701242145825,2.3947455714185955,1.905620547731968,0.0,0.0
42.65,2.5708915421372414,1.1847701242145825,2.3947455714185955,1.905620547731968,0.0,0.0
42.7,2.5708915421372414,1.1847701242145825,2.3947455714185955,1.905620547731968,0.0,0.0
42.75,2.5708915421372414,1.1847701242145825,2.3947455714185955,1.905620547731968,0.0,0.0
42.8,2.5708915421372414,1.1847701242145825,2.3947455714185955,1.905620547731968,0.0,0.0
42.85,2.5708915421372414,1.1847701242145825,2.3947455714185955,1.905620547731968,0.0,0.0
42.9,2.5708915421372414,1.1847701242145825,2.3947455714185955,1.905620547731968,0.0,0.0
42.952,2.5708915421372414,1.1847701242145825,2.3947455714185955,1.905620547731968,0.0,0.0
43.0,2.5708915421372414,1.1847701242145825,2.394540019815254,1.9044299024412759,0.0,0.0
43.05,2.5708915421372414,1.1847701242145825,2.394540019815254,1.9044299024412759,0.0,0.0
43.1,2.5708915421372414,1.1847701242145825,2.394540019815254,1.9044299024412759,0.0,0.0
43.151,2.5708915421372414,1.1847701242145825,2.394540019815254,1.9044299024412759,0.0,0.0
43.2,2.5708915421372414,1.1847701242145825,2.394540019815254,1.9044299024412759,0.0,0.0
43.25,2.5708915421372414,1.1847701242145825,2.394540019815254,1.9044299024412759,0.0,0.0
43.3,2.5708915421372414,1.1847701242145825,2.394540019815254,1.9044299024412759,0.0,0.0
43.351,2.5708915421372414,1.1847701242145825,2.394540019815254,1.9044299024412759,0.0,0.0
43.4,2.5708915421372414,1.1847701242145825,2.394540019815254,1.9044299024412759,0.0,0.0
43.45,2.5708915421372414,1.1847701242145825,2.394540019815254,1.9044299024412759,0.0,0.0
43.5,2.5708915421372414,1.1847701242145825,2.394540019815254,1.9044299024412759,0.0,0.0
43.551,2.5708915421372414,1.1847701242145825,2.394540019815254,1.9044299024412759,0.0,0.0
43.6,2.5708915421372414,1.1847701242145825,2.394540019815254,1.9044299024412759,0.0,0.0
43.652,2.5708915421372414,1.1847701242145825,2.394540019815254,1.9044299024412759,0.0,0.0
43.7,2.5708915421372414,1.1847701242145825,2.394540019815254,1.9044299024412759,0.0,0.0
43.75,2.5708915421372414,1.1847701242145825,2.394540019815254,1.9044299024412759,0.0,0.0
43.8,2.5708915421372414,1.1847701242145825,2.394540019815254,1.9044299024412759,0.0,0.0
43.851,2.5708915421372414,1.1847701242145825,2.394540019815254,1.9044299024412759,0.0,0.0
43.9,2.5708915421372414,1.1847701242145825,2.394540019815254,1.9044299024412759,0.0,0.0
43.95,2.5708915421372414,1.1847701242145825,2.394540019815254,1.9044299024412759,0.0,0.0
44.0,2.5708915421372414,1.1847701242145825,2.394533575070451,1.9044496591318942,0.0,0.0
44.05,2.5708915421372414,1.1847701242145825,2.394533575070451,1.9044496591318942,0.0,0.0
44.1,2.5708915421372414,1.1847701242145825,2.394533575070451,1.9044496591318942,0.0,0.0
44.151,2.5708915421372414,1.1847701242145825,2.394533575070451,1.9044496591318942,0.0,0.0
44.2,2.5708915421372414,1.1847701242145825,2.394533575070451,1.9044496591318942,0.0,0.0
44.25,2.5708915421372414,1.1847701242145825,2.394533575070451,1.9044496591318942,0.0,0.0
44.3,2.5708915421372414,1.1847701242145825,2.394533575070451,1.9044496591318942,0.0,0.0
44.35,2.5708915421372414,1.1847701242145825,2.394533575070451,1.9044496591318942,0.0,0.0
44.4,2.5708915421372414,1.1847701242145825,2.394533575070451,1.9044496591318942,0.0,0.0
44.45,2.5708915421372414,1.1847701242145825,2.394533575070451,1.9044496591318942,0.0,0.0
44.5,2.5708915421372414,1.1847701242145825,2.394533575070451,1.9044496591318942,0.0,0.0
44.55,2.5708915421372414,1.1847701242145825,2.394533575070451,1.9044496591318942,0.0,0.0
44.6,2.5708915421372414,1.1847701242145825,2.394533575070451,1.9044496591318942,0.0,0.0
44.651,2.5708915421372414,1.1847701242145825,2.394533575070451,1.9044496591318942,0.0,0.0
44.7,2.5708915421372414,1.1847701242145825,2.394533575070451,1.9044496591318942,0.0,0.0
44.751,2.5708915421372414,1.1847701242145825,2.394533575070451,1.9044496591318942,0.0,0.0
44.8,2.5708915421372414,1.1847701242145825,2.394533575070451,1.9044496591318942,0.0,0.0
44.85,2.5708915421372414,1.1847701242145825,2.394533575070451,1.9044496591318942,0.0,0.0
44.9,2.5708915421372414,1.1847701242145825,2.394533575070451,1.9044496591318942,0.0,0.0
44.951,2.5708915421372414,1.1847701242145825,2.394533575070451,1.9044496591318942,0.0,0.0
45.0,2.5708915421372414,1.1847701242145825,2.394533575070451,1.9044496591318942,0.0,0.0
45.052,2.5708915421372414,1.1847701242145825,2.394533575070451,1.9044496591318942,0.0,0.0
45.1,2.5708915421372414,1.1847701242145825,2.394533575070451,1.9044496591318942,0.0,0.0
45.151,2.5708915421372414,1.1847701242145825,2.394533575070451,1.9044496591318942,0.0,0.0
45.2,2.5708915421372414,1.1847701242145825,2.394533575070451,1.9044496591318942,0.0,0.0
45.25,2.5708915421372414,1.1847701242145825,2.394533575070451,1.9044496591318942,0.0,0.0
45.3,2.5708915421372414,1.1847701242145825,2.394533575070451,1.9044496591318942,0.0,0.0
45.35,2.5708915421372414,1.1847701242145825,2.394533575070451,1.9044496591318942,0.0,0.0
45.4,2.5708915421372414,1.1847701242145825,2.394533575070451,1.9044496591318942,0.0,0.0
45.451,2.5708915421372414,1.1847701242145825,2.394533575070451,1.9044496591318942,0.0,0.0
45.5,2.5708915421372414,1.1847701242145825,2.394533575070451,1.9044496591318942,0.0,0.0
45.551,2.5708915421372414,1.1847701242145825,2.394533575070451,1.9044496591318942,0.0,0.0
45.6,2.5708915421372414,1.1847701242145825,2.394533575070451,1.9044496591318942,0.0,0.0
45.65,2.5708915421372414,1.1847701242145825,2.394533575070451,1.9044496591318942,0.0,0.0
45.7,2.5708915421372414,1.1847701242145825,2.394533575070451,1.9044496591318942,0.0,0.0
45.75,2.5708915421372414,1.1847701242145825,2.394533575070451,1.9044496591318942,0.0,0.0
45.8,2.5708915421372414,1.1847701242145825,2.394533575070451,1.9044496591318942,0.0,0.0
45.85,2.5708915421372414,1.1847701242145825,2.394533575070451,1.9044496591318942,0.0,0.0
45.9,2.5708915421372414,1.1847701242145825,2.394533575070451,1.9044496591318942,0.0,0.0
45.95,2.5708915421372414,1.1847701242145825,2.394533575070451,1.9044496591318942,0.0,0.0
46.0,2.5708915421372414,1.1847701242145825,2.394533575070451,1.9044496591318942,0.0,0.0
46.05,2.5708915421372414,1.1847701242145825,2.394533575070451,1.9044496591318942,0.0,0.0
46.1,2.5708915421372414,1.1847701242145825,2.394533575070451,1.9044496591318942,0.0,0.0
46.151,2.5708915421372414,1.1847701242145825,2.394533575070451,1.9044496591318942,0.0,0.0
46.2,2.5708915421372414,1.1847701242145825,2.394533575070451,1.9044496591318942,0.0,0.0
46.25,2.5708915421372414,1.1847701242145825,2.394533575070451,1.9044496591318942,0.0,0.0
46.3,2.5708915421372414,1.1847701242145825,2.394533575070451,1.9044496591318942,0.0,0.0
46.35,2.5708915421372414,1.1847701242145825,2.394533575070451,1.9044496591318942,0.0,0.0
46.4,2.5708915421372414,1.1847701242145825,2.394533575070451,1.9044496591318942,0.0,0.0
46.45,2.5708915421372414,1.1847701242145825,2.394533575070451,1.9044496591318942,0.0,0.0
46.5,2.5708915421372414,1.1847701242145825,2.394533575070451,1.9044496591318942,0.0,0.0
46.55,2.5708915421372414,1.1847701242145825,2.394533575070451,1.9044496591318942,0.0,0.0
46.6,2.5708915421372414,1.1847701242145825,2.394533575070451,1.9044496591318942,0.0,0.0
46.651,2.5708915421372414,1.1847701242145825,2.394533575070451,1.9044496591318942,0.0,0.0
46.7,2.5708915421372414,1.1847701242145825,2.394533575070451,1.9044496591318942,0.0,0.0
46.753,2.5708915421372414,1.1847701242145825,2.394533575070451,1.9044496591318942,0.0,0.0
46.8,2.5708915421372414,1.1847701242145825,2.394533575070451,1.9044496591318942,0.0,0.0
46.85,2.5708915421372414,1.1847701242145825,2.394533575070451,1.9044496591318942,0.0,0.0
46.9,2.5708915421372414,1.1847701242145825,2.394533575070451,1.9044496591318942,0.0,0.0
46.95,2.5708915421372414,1.1847701242145825,2.394533575070451,1.9044496591318942,0.0,0.0
47.0,2.5708915421372414,1.1847701242145825,2.394533575070451,1.9044496591318942,0.0,0.0
47.05,2.5708915421372414,1.1847701242145825,2.394533575070451,1.9044496591318942,0.0,0.0
47.1,2.5708915421372414,1.1847701242145825,2.394533575070451,1.9044496591318942,0.0,0.0
47.15,2.5708915421372414,1.1847701242145825,2.394533575070451,1.9044496591318942,0.0,0.0
47.2,2.5708915421372414,1.1847701242145825,2.394533575070451,1.9044496591318942,0.0,0.0
47.251,2.5708915421372414,1.1847701242145825,2.394533575070451,1.9044496591318942,0.0,0.0
47.3,2.5708915421372414,1.1847701242145825,2.394533575070451,1.9044496591318942,0.0,0.0
47.35,2.5708915421372414,1.1847701242145825,2.394533575070451,1.9044496591318942,0.0,0.0
47.4,2.5708915421372414,1.1847701242145825,2.394533575070451,1.9044496591318942,0.0,0.0
47.45,2.5708915421372414,1.1847701242145825,2.394533575070451,1.9044496591318942,0.0,0.0
47.5,2.5708915421372414,1.1847701242145825,2.394533575070451,1.9044496591318942,0.0,0.0
47.55,2.5708915421372414,1.1847701242145825,2.394533575070451,1.9044496591318942,0.0,0.0
47.6,2.5708915421372414,1.1847701242145825,2.394533575070451,1.9044496591318942,0.0,0.0
47.65,2.5708915421372414,1.1847701242145825,2.394533575070451,1.9044496591318942,0.0,0.0
47.7,2.5708915421372414,1.1847701242145825,2.394533575070451,1.9044496591318942,0.0,0.0
47.75,2.5708915421372414,1.1847701242145825,2.394533575070451,1.9044496591318942,0.0,0.0
47.8,2.5708915421372414,1.1847701242145825,2.394533575070451,1.9044496591318942,0.0,0.0
47.85,2.5708915421372414,1.1847701242145825,2.394533575070451,1.9044496591318942,0.0,0.0
47.9,2.5708915421372414,1.1847701242145825,2.394533575070451,1.9044496591318942,0.0,0.0
47.95,2.5708915421372414,1.1847701242145825,2.394533575070451,1.9044496591318942,0.0,0.0
48.0,2.5708915421372414,1.1847701242145825,2.394533575070451,1.9044496591318942,0.0,0.0
48.05,2.5708915421372414,1.1847701242145825,2.394533575070451,1.9044496591318942,0.0,0.0
48.1,2.5708915421372414,1.1847701242145825,2.394533575070451,1.9044496591318942,0.0,0.0
48.151,2.5708915421372414,1.1847701242145825,2.394533575070451,1.9044496591318942,0.0,0.0
48.2,2.5708915421372414,1.1847701242145825,2.394533575070451,1.9044496591318942,0.0,0.0
48.255,2.5708915421372414,1.1847701242145825,2.394533575070451,1.9044496591318942,0.0,0.0
48.3,2.5708915421372414,1.1847701242145825,2.394533575070451,1.9044496591318942,0.0,0.0
48.35,2.5708915421372414,1.1847701242145825,2.394533575070451,1.9044496591318942,0.0,0.0
48.4,2.5708915421372414,1.1847701242145825,2.394533575070451,1.9044496591318942,0.0,0.0
48.451,2.5708915421372414,1.1847701242145825,2.394533575070451,1.9044496591318942,0.0,0.0
48.5,2.5708915421372414,1.1847701242145825,2.394533575070451,1.9044496591318942,0.0,0.0
48.551,2.5708915421372414,1.1847701242145825,2.394533575070451,1.9044496591318942,0.0,0.0
48.6,2.5708915421372414,1.1847701242145825,2.394533575070451,1.9044496591318942,0.0,0.0
48.65,2.5708915421372414,1.1847701242145825,2.394533575070451,1.9044496591318942,0.0,0.0
48.7,2.5708915421372414,1.1847701242145825,2.394533575070451,1.9044496591318942,0.0,0.0
48.751,2.5708915421372414,1.1847701242145825,2.394533575070451,1.9044496591318942,0.0,0.0
48.8,2.5708915421372414,1.1847701242145825,2.394533575070451,1.9044496591318942,0.0,0.0
48.851,2.5708915421372414,1.1847701242145825,2.394533575070451,1.9044496591318942,0.0,0.0
48.9,2.5708915421372414,1.1847701242145825,2.394533575070451,1.9044496591318942,0.0,0.0
48.95,2.5708915421372414,1.1847701242145825,2.394533575070451,1.9044496591318942,0.0,0.0
49.003,2.5708915421372414,1.1847701242145825,2.394533575070451,1.9044496591318942,0.0,0.0
49.05,2.5708915421372414,1.1847701242145825,2.394533575070451,1.9044496591318942,0.0,0.0
49.1,2.5708915421372414,1.1847701242145825,2.394533575070451,1.9044496591318942,0.0,0.0
49.15,2.5708915421372414,1.1847701242145825,2.394533575070451,1.9044496591318942,0.0,0.0
49.2,2.5708915421372414,1.1847701242145825,2.394533575070451,1.9044496591318942,0.0,0.0
49.25,2.5708915421372414,1.1847701242145825,2.394533575070451,1.9044496591318942,0.0,0.0
49.3,2.5708915421372414,1.1847701242145825,2.394533575070451,1.9044496591318942,0.0,0.0
49.35,2.5708915421372414,1.1847701242145825,2.394533575070451,1.9044496591318942,0.0,0.0
49.4,2.5708915421372414,1.1847701242145825,2.394533575070451,1.9044496591318942,0.0,0.0
49.45,2.5708915421372414,1.1847701242145825,2.394533575070451,1.9044496591318942,0.0,0.0
49.5,2.5708915421372414,1.1847701242145825,2.394533575070451,1.9044496591318942,0.0,0.0
49.55,2.5708915421372414,1.1847701242145825,2.394533575070451,1.9044496591318942,0.0,0.0
49.6,2.5708915421372414,1.1847701242145825,2.394533575070451,1.9044496591318942,0.0,0.0
49.65,2.5708915421372414,1.1847701242145825,2.394533575070451,1.9044496591318942,0.0,0.0
49.7,2.5708915421372414,1.1847701242145825,2.394533575070451,1.9044496591318942,0.0,0.0
49.756,2.5708915421372414,1.1847701242145825,2.394533575070451,1.9044496591318942,0.0,0.0
49.8,2.5708915421372414,1.1847701242145825,2.394533575070451,1.9044496591318942,0.0,0.0
49.85,2.5708915421372414,1.1847701242145825,2.394533575070451,1.9044496591318942,0.0,0.0
49.9,2.5708915421372414,1.1847701242145825,2.394533575070451,1.9044496591318942,0.0,0.0
49.95,2.5708915421372414,1.1847701242145825,2.394533575070451,1.9044496591318942,0.0,0.0
50.0,2.5708915421372414,1.1847701242145825,2.394533575070451,1.9044496591318942,0.0,0.0
50.05,2.5708915421372414,1.1847701242145825,2.394533575070451,1.9044496591318942,0.0,0.0
50.1,2.5708915421372414,1.1847701242145825,2.394533575070451,1.9044496591318942,0.0,0.0
50.15,2.5708915421372414,1.1847701242145825,2.394533575070451,1.9044496591318942,0.0,0.0
50.2,2.5708915421372414,1.1847701242145825,2.394533575070451,1.9044496591318942,0.0,0.0
50.25,2.5708915421372414,1.1847701242145825,2.394533575070451,1.9044496591318942,0.0,0.0
50.3,2.5708915421372414,1.1847701242145825,2.394533575070451,1.9044496591318942,0.0,0.0
50.35,2.5708915421372414,1.1847701242145825,2.394533575070451,1.9044496591318942,0.0,0.0
50.4,2.5708915421372414,1.1847701242145825,2.394533575070451,1.9044496591318942,0.0,0.0
50.45,2.5708915421372414,1.1847701242145825,2.394533575070451,1.9044496591318942,0.0,0.0
50.5,2.5708915421372414,1.1847701242145825,2.394533575070451,1.9044496591318942,0.0,0.0
50.55,2.5708915421372414,1.1847701242145825,2.394533575070451,1.9044496591318942,0.0,0.0
50.6,2.5708915421372414,1.1847701242145825,2.394533575070451,1.9044496591318942,0.0,0.0
50.651,2.5708915421372414,1.1847701242145825,2.394533575070451,1.9044496591318942,0.0,0.0
